Timestamp,What level is your PMC?,How many Roubles do you have?,How many USD do you have?,How many Euros do you have?,What is your current stash value?,How many hours do you have in the game?
12/1/2020 15:10:57,40,25000000,18727,1772,61454640,825
12/1/2020 15:20:11,42,50000000,10000,1000,80000000,700
12/1/2020 15:21:02,49,87 million,11000,5000,130 odd million,1800
12/1/2020 15:21:10,50,21000,30000,0,68700880,2800
12/1/2020 15:22:55,44,21 887 089,16 813,3 613 ,53 023 972,1192 (across 2 wipes)
12/1/2020 15:23:37,52,60000000,10000,800,100000000,650
12/1/2020 15:26:58,35,34mil,6500,2000,52 mil,350 i think
12/1/2020 15:28:29,47,60000000,17900,24000,165000000,1400
12/1/2020 15:29:17,7,1.4mil,0,71,2.8mil,10
12/1/2020 15:29:33,29,"3,000,000",1000,7000,"17,000,000",250
12/1/2020 15:31:17,26,4000000,300,0,22000000,125
12/1/2020 15:33:21,48,6 million,500,100,50 million,600
12/1/2020 15:35:03,34,"3,500,000","6,200",14,41694192,1074
12/1/2020 15:35:33,55,111000000,50000,3000,177874640,1200
12/1/2020 15:37:40,67,"135,000,000","42,000","6,000","233,000,000",2562
12/1/2020 15:38:56,511,88000000,47000,5000,185000000,1700
12/1/2020 15:39:57,49,100000000,21000,3000,164000000,1200
12/1/2020 15:41:39,22,"500,000",2500,1000,"28,000,000",1125
12/1/2020 15:42:01,52,12000000,20000,50000,80000000,960
12/1/2020 15:43:14,27,2500000,7000,4000,25000000,130
12/1/2020 15:43:55,44,15000000,5000,15000,58000000,450
12/1/2020 15:44:08,34,68000000,50000,9000,103000000,I dunno 
12/1/2020 15:47:27,24,2000000,15000,1000,15000000,350
12/1/2020 15:48:07,6,3 million,3300,200,10332056,140
12/1/2020 15:49:50,15,200K,400,200,5 million,30
12/1/2020 15:51:30,46,"18,000,000","16,000",300,"87,000,000",1466
12/1/2020 15:51:54,37,12600000,4500,200,43000000,550
12/1/2020 15:53:36,55,80000000,25000,1,180000000,2500
12/1/2020 15:54:13,12,"700,000",6500,0,6500000,1000
12/1/2020 15:54:53,52,"42,000,000","50,000","12,000","142,000,000",1600
12/1/2020 15:58:22,51,105000000,120000,20000,180000,3000
12/1/2020 15:59:25,45,35 million,24k,3k,84 million,1k
12/1/2020 15:59:29,57,20 million,5000,2000,68million,1500
12/1/2020 16:03:04,35,65000000,1200,150,21000000,800
12/1/2020 16:03:08,28,2800000,500,1000,15000000,200
12/1/2020 16:04:27,32,2000000,2000,7000,30000000,450
12/1/2020 16:06:50,41,3000000,5436,80000,40513200,874
12/1/2020 16:09:09,36,17000000,2000,11000,33000000,200
12/1/2020 16:09:45,42,130000000,120000,2000,180000000,1000
12/1/2020 16:13:02,47,28 Million,20k,1000,52650516,1369
12/1/2020 16:13:10,~5,~2 000 000,2000,0,120 000,~2000
12/1/2020 16:13:37,20,4 500 000,4 000,1 500,21 000 000,130
12/1/2020 16:13:53,51,"72,000,000","10,000","10,000","135,000,000","2,500"
12/1/2020 16:14:03,47,50000000,16000,300,132000000,500
12/1/2020 16:14:06,50,40000000,6000,2000,102000000,830
12/1/2020 16:14:26,36,31.9 million,"11,400",6000,63.8 million,750
12/1/2020 16:14:30,53,"16,000,000",2000,6000,"51,000,000",483
12/1/2020 16:14:33,36,14 milion,10000,8000,85 milion,574
12/1/2020 16:15:11,54,"50,000,000.00","20,000.00",400,"114,000,000.00","2,000"
12/1/2020 16:18:13,31,"22,000,000","2,000","1,000","60,000,000",350
12/1/2020 16:20:07,26,12390105,5473,2966,50645851,1086
12/1/2020 16:21:07,33,30M,2500,0,70m,400-500
12/1/2020 16:24:32,32,22 million,9 thousand,0,"who knows, im filling this out on my phone instead of going to sleep",360 i think
12/1/2020 16:25:26,45,26000000,25000,0,77000000,1k
12/1/2020 16:26:30,33,30M,2500,0,70m,400-500
12/1/2020 16:29:02,37,500000,1000,1500,165000000,200
12/1/2020 16:35:40,43,25 million ,"8,000",235,48 million ,872
12/1/2020 16:38:01,18,3.1mil,6000,1000,Not at pc,200
12/1/2020 16:38:20,25,1mil,6000ish,6000ish,18mil,120
12/1/2020 16:39:32,43,20000000,90000,5000,69000000,800
12/1/2020 16:39:42,36,52500000,10361,95,85881400,1051
12/1/2020 16:42:16,39,"50,000,000","23,000","15,000","107,000,000",520
12/1/2020 16:44:43,30,5000000,10000,7000,25000000,250
12/1/2020 16:46:24,45,5000000,3000,500,53000000,2000
12/1/2020 16:46:30,40,"8,187,952",$398,"€7,192","56,571,268",2076
12/1/2020 16:48:18,37,12000000,100000,3000,22000000,300
12/1/2020 16:50:43,34,25719632,3026,2093,45615272,867
12/1/2020 16:51:09,30,700000,5000,3000,2000000,800
12/1/2020 16:51:21,40,26500000,4000,6000,66000000,
12/1/2020 16:52:58,36,17000000,28000,4000,25000000,650
12/1/2020 16:55:01,43,"16,000,000","14,000","4,000","87,000,000",600
12/1/2020 16:57:34,44,31 mil,2500,100,146.5 mil,1300
12/1/2020 16:58:39,14,"32,000",?,?,"4,600,000",Too many
12/1/2020 16:59:16,29,240000,7200,6700,2000000,210
12/1/2020 17:00:14,22,3.5million,8 thousand,0,37million,400
12/1/2020 17:01:05,53,75000000~,88000~,49000~,17500000~,1500~
12/1/2020 17:02:56,36,62 million,5000,500,95 million,700
12/1/2020 17:02:59,36,"64,000,000",5000,4000,110 mil or something,900
12/1/2020 17:04:08,63,"210,000,000","20,000","2,000","320,000,000",too many
12/1/2020 17:04:15,44,16000000,10000,2000,53533884,828
12/1/2020 17:04:21,17,"11,756,719","12,471","1,425","21,437,028",84h07m
12/1/2020 17:06:18,40,"20,000,000","2,000","6,000","65,000,000",600
12/1/2020 17:07:04,53,"72,000,000","20,000","1,000","125,000,000","1,600"
12/1/2020 17:07:32,55,60000000,,,115000000,
12/1/2020 17:10:33,54,170000000,99000,49000,275000000,2700
12/1/2020 17:10:48,31,11.714.266,8.832,7.031,47.997.476,712h21m
12/1/2020 17:12:15,53,61M,4500,4500,180M,187DAYS
12/1/2020 17:12:21,28,703951,9862,8086,19823792,286
12/1/2020 17:12:44,51,18000000,12000,500,89000000,1768
12/1/2020 17:12:57,33,7000000,1000,0,31000000,100
12/1/2020 17:13:30,40,"32,400,000",2880,0,"68,900,000",~2000
12/1/2020 17:15:13,54,"68,000,000","1,500",300,"135,000,000","1,500"
12/1/2020 17:15:50,32,"12,189,002",2477,12,"36,650,132",909
12/1/2020 17:17:06,42,67972320,89000,51,139079184,1355
12/1/2020 17:18:33,47,8000000,2000,11400,38000000,1140
12/1/2020 17:20:42,27,2 mil,2k,3k,20 mil,200
12/1/2020 17:21:23,43,9.5 million ,0,300,~41 million ,~550
12/1/2020 17:21:36,45,75m,20k,1k,130m,1500
12/1/2020 17:25:20,42,55000000,13000,14000,185000000,1800
12/1/2020 17:26:08,55,70000000,3000,2000,146000000,1549
12/1/2020 17:31:05,32,7000000,6000,4500,35000000,350
12/1/2020 17:33:27,35,8000000,6000,2000,24000000,200
12/1/2020 17:33:47,33,"8,000,000","3,000","3,000","25,000,000",490
12/1/2020 17:35:14,48,170 mil,42k,16k,250 mil,1200
12/1/2020 17:35:36,50,"61,780,183","31,118",666,"147,891,216",1256
12/1/2020 17:35:57,42,27600000,52000,6000,68000000,980
12/1/2020 17:36:43,14,3000000,100,300,13000000,50
12/1/2020 17:37:05,100,7777777777777777777777777,7777777777777777777777777,7777777777777777777777777,77777777777777777777777777777777777777777777777777,7777777777777777777777777
12/1/2020 17:37:20,100,7777777777777777777777777,7777777777777777777777777,7777777777777777777777777,7777777777777777777777777,77777777777777777777777777777777777777777777777777
12/1/2020 17:38:23,6,140000,2000,60,900000,15
12/1/2020 17:40:15,37,6 mil,1k,3k,30mil,300
12/1/2020 17:41:08,30,1000000,1200,6000,18449202,486
12/1/2020 17:45:04,60,6000000,0,0,63000000,1500
12/1/2020 17:45:08,15,1000000,800,200,28000000,20
12/1/2020 17:47:00,49,43000000,6000,1500,125000000,700
12/1/2020 17:47:35,16,16 mil,17k,512,~42mil,132
12/1/2020 17:47:51,35,2 500 000,7229,13099,16 652 980,391
12/1/2020 17:49:13,24,9k,30k,5k,47547384,774H03
12/1/2020 17:50:41,50,10500000,12000,9000,72500000,1550
12/1/2020 17:51:28,40,15m,10k,2k,40m,500
12/1/2020 17:52:08,22,600000,3000,3000,17500000,180
12/1/2020 17:53:55,45,"11,000,000",2000,0,"70,000,000",1000
12/1/2020 17:55:05,45,20000000,5000,5000,65000000,400
12/1/2020 17:55:18,46,9825741,5513,1780,86653528,1033
12/1/2020 17:55:42,42,11000000,8000,60,33000000,260
12/1/2020 17:55:51,27,3.5 million,100,3300,15 mil,290 this wipe
12/1/2020 17:55:53,57,"70,000,000","10,000",139,"149,000,000","1,200"
12/1/2020 17:57:03,41,"9,000,000",9000,2000,"105,000,000",2200
12/1/2020 17:57:16,50,70000000,10000,5000,140000000,400
12/1/2020 17:57:26,47,"83,000,000","7,367",3646,"167,000,000",1500
12/1/2020 17:59:20,41,"61,023,720","3,231",225,"111,858,816",747
12/1/2020 18:00:18,14,"1,900,000",300,40,"9,330,000",101
12/1/2020 18:04:03,27,235000,500,0,15000000,300
12/1/2020 18:05:07,29,"5,000,000","20,000","I0,000","25,000,000",900
12/1/2020 18:05:14,47,"59,800,000","24,000","1,932","107,000,000",1670
12/1/2020 18:05:29,48,"12,000,000",4500,1800,"45,000,000",1100
12/1/2020 18:06:39,49,1000000,6315,535,152000000,1025
12/1/2020 18:07:31,42,43000000,4000,300,115141096,600
12/1/2020 18:07:41,43,33m,5k,3k,100m,2100
12/1/2020 18:08:05,17,3.576.783 ,2.147,78,7.745.685,"this wipe like 20 hours , global 832"
12/1/2020 18:08:41,55,109000000,24000,11000,210000000,5000
12/1/2020 18:09:44,45,39000000,49000,100,79000000,"900 total, 3 wipes"
12/1/2020 18:10:04,34,11000000,12000,4000,39991904,275
12/1/2020 18:10:44,60,55000000,50000,100,150000000,1530
12/1/2020 18:11:02,7,200000,60,0,2000000,120
12/1/2020 18:12:51,10,700000,2000,1000,8000000,20
12/1/2020 18:15:23,40,20000000,10000,5000,50000000,1000
12/1/2020 18:16:03,45,76000000,500,900,128000000,
12/1/2020 18:16:12,34,"10,000,000","10,000",1000,"49,000,000",1015.25
12/1/2020 18:16:39,27,2700000,19000,2700,12785600,220
12/1/2020 18:17:36,57,40000,10000,3000,110000000,2000
12/1/2020 18:18:00,57,143000000,23000,1500,188000000,1800
12/1/2020 18:19:08,46,86000000,25000,200,140000000,800
12/1/2020 18:19:23,39,24000000,5680,9000,59867965,1897
12/1/2020 18:19:52,32,23000000,1200,5,62000000,1200
12/1/2020 18:20:47,43,25000000,40000,5000,120000000,700
12/1/2020 18:22:44,16,1 mil,700,30,9 mil,300
12/1/2020 18:23:35,44,"5,933,120","14,223","1,045",62570672,632h28m
12/1/2020 18:23:59,40,3503399,20049,174,54411504,1146
12/1/2020 18:24:11,63,"143,733,000",42000,2000,258000000,2966
12/1/2020 18:24:29,48,4000000,20000,3000,8000,1000
12/1/2020 18:24:31,17,1000000,900,200,10000000,100
12/1/2020 18:24:35,36,5000000,3000,8000,20000000,a lot
12/1/2020 18:24:39,14,1.5 million,637,317,115 million,134
12/1/2020 18:24:52,32,"5,000,000","5,000","1,000","25,000,000",400
12/1/2020 18:27:49,30,3.5 mill,14k,7k,23 million,200
12/1/2020 18:28:19,26,"1,05 million",0,5672,15039853,860
12/1/2020 18:29:29,47,"12,000,000",2000,2000,"57,000,000",1350
12/1/2020 18:29:48,22,5.3 million,500,30,22 mil,300
12/1/2020 18:30:09,37,8553191,93,441,28055316,485
12/1/2020 18:32:02,41,56000000,5700,8000,94000000,500
12/1/2020 18:32:40,48,27454923,2000,100,94300232,2200
12/1/2020 18:32:50,47,"52,000,000","30,000",5000,"80,000,000",1700
12/1/2020 18:37:02,42,75913000,8740,5650,125800000,637
12/1/2020 18:37:14,49,51000000,5000,75,148000000,900
12/1/2020 18:37:53,15,"3,800,000",800,80,"6,500,000",
12/1/2020 18:38:35,58,"52,000,000","225,000","20,000","175,000,000",3500
12/1/2020 18:39:09,69,1E+30,1E+30,1,5E+35,3
12/1/2020 18:39:39,44,17000000,3000,400,72000000,600
12/1/2020 18:41:29,45,"55,000,000",4000,2000,"140,000,000",800
12/1/2020 18:41:33,43,52 million,5k,5k,105 million,"No idea, too lazy to check"
12/1/2020 18:42:33,34,8.5mm,6000,8000,"30,000,000",500
12/1/2020 18:42:34,48,"30,000,000",2000,2000,"70,000,000",2400
12/1/2020 18:43:26,34,8000000,5000,1000,40000000,250
12/1/2020 18:43:36,41,53000000,13000,10000,109000000,1729
12/1/2020 18:43:49,17,3000000,1000,50,25000000,100
12/1/2020 18:45:05,25,200000,2000,500,11000000,1800
12/1/2020 18:45:36,31,"5,500,000","12,000","2,000","32,000,000",400
12/1/2020 18:46:40,9,1.6 mil,3k,71,9mil,15
12/1/2020 18:46:43,41,57000000,43000,1300,123000000,1700
12/1/2020 18:47:11,52,29000000,10000,9000,120000000,~1000
12/1/2020 18:47:15,44,"17,500,000","8,500",0,"46,500,000",600
12/1/2020 18:48:03,52,84000000,83000,5000,153000000,1000+
12/1/2020 18:49:54,37,14474537,11421,51,48454708,312
12/1/2020 18:50:53,42,"52,000,000",5000,"14,000",80509848,780
12/1/2020 18:51:35,54,"45,000,000","9,000",0,"89,000,000",1200
12/1/2020 18:51:38,48,"50,000,00","20,000","10,000","100,000,000",800
12/1/2020 18:52:48,43,"27,448,592",120,462,"72,507,512",939
12/1/2020 18:53:03,35,500000,5000,0,17000000,200
12/1/2020 18:54:17,30,"18,000,000","5,000","6,800","$47,000,000",975
12/1/2020 18:54:47,32,19000000,100,1000,39000000,400
12/1/2020 18:58:06,44,85000000,5000,0,170000000,500
12/1/2020 18:58:10,48,"40,000,000","28,000","18,000","135,000,000",1000
12/1/2020 18:58:38,50,255000000,4000,1500,450000000,1
12/1/2020 18:58:40,53,55000000,10000,5000,110000000,1000
12/1/2020 18:58:43,40,"17, 633,903",4798,4744,"131,419,624",1450
12/1/2020 18:59:14,66,150000000,100000,20000,350000000,2200
12/1/2020 18:59:54,46,"12,100,000","1,200",100,60000000,650
12/1/2020 19:00:36,56,107000000,12000,1200,221000000,1000
12/1/2020 19:00:46,38,10000000,1000,8000,30000000,281
12/1/2020 19:01:37,28,8000000,9000,150,36000000,200
12/1/2020 19:04:31,40,18298624,1446,2150,39604452,616
12/1/2020 19:06:28,37,27000000,3000,12800,79000000,350
12/1/2020 19:06:33,7,7,7,,7,7
12/1/2020 19:07:11,3,330000,0,0,400000,15
12/1/2020 19:07:36,43,70000000,10000,3000,200000000,1316
12/1/2020 19:07:42,18,"8,600,000","7,000","1,600","~17,000,000",137
12/1/2020 19:07:55,43,36 million,4000,1500,123 million,658
12/1/2020 19:07:55,46,23000000,1200,100,98000000,1100
12/1/2020 19:08:32,57,"112,700,000","25,300","7,900",177000000,1100+
12/1/2020 19:09:15,49,115000000,45000,5000,205000000,1510
12/1/2020 19:09:30,53,50000000,30000,1000,150000000,Yeah 
12/1/2020 19:10:34,42,40000000,14325,2167,116584963,700
12/1/2020 19:11:13,32,28.6million,3k,1.3k,50mil,320
12/1/2020 19:11:44,51,"38,000,000","11,000",0,"200,000,000+",300 (this wipe)
12/1/2020 19:12:31,41,63674987,3074,5375,102429784,355
12/1/2020 19:14:11,38,2000000,1000,500,23000000,400
12/1/2020 19:15:14,59,150000000,44000,250,290000000,2000
12/1/2020 19:17:14,50 (hardcore account),"2,383,000","29,571",0,"142,668,416",2692
12/1/2020 19:17:29,9,1400000,2000,2000,6000000,36
12/1/2020 19:17:47,42,91000000,48000,5000,210000000,1100
12/1/2020 19:18:39,65,300000000,200000,6000,1435678900,780
12/1/2020 19:19:02,37,43500000,2000,5000,99000000,480
12/1/2020 19:20:47,57,190 million ,10000,4000,290 million ,1600
12/1/2020 19:21:04,43,24000000,50000,2600,130000000,2000
12/1/2020 19:21:22,47,10000000,6000,0,95000000,1500
12/1/2020 19:21:39,21,12000000,8000,1230,45000000,200
12/1/2020 19:22:39,50,15001996,35149,2282,73384464,1500 according to menu
12/1/2020 19:23:33,13,"6,500,000",,,"10,000,000",
12/1/2020 19:23:48,43,"37,500,000","3,000",350,"66,000,000",820
12/1/2020 19:23:51,50,40000000,30000,2500,105000000,800
12/1/2020 19:24:40,41,"26,000,000","12,000","8,000","91,000,000",300
12/1/2020 19:26:32,33,1500000,1100,4200,23115000,519
12/1/2020 19:26:46,33,50150000,14500,2800,133395000,594
12/1/2020 19:26:47,40,8000000,15000,2000,54 000 000,1587
12/1/2020 19:27:07,60,"41,000,000",8000,11000,125000000,2000
12/1/2020 19:27:11,52,"44,000,000","50,000","10,000","82,000,000",700
12/1/2020 19:28:02,40,5000000,2000,2000,45000000,1500
12/1/2020 19:29:27,46,40000000,10000,3000,76000000,700
12/1/2020 19:29:47,7,300000,550,0,1000000,20
12/1/2020 19:29:53,37,15000000,2500,5000,45000000,600
12/1/2020 19:30:00,55,"98,000,000","30,000",500,"178,000,000","1,000"
12/1/2020 19:30:18,32,43000000,4000,3000,63000000,650
12/1/2020 19:30:33,62,68000000,89000,14000,280000000,Too many
12/1/2020 19:30:46,41,"60,000,000","70,000",500,"85,000,000","1,100"
12/1/2020 19:31:21,60,118147294,1372,1159,250301632,1812
12/1/2020 19:31:29,37,34 million,"2500 or about 277,000 rubles worth",900,About 60 million I think,220
12/1/2020 19:32:38,46,"47,000,000","160,000","12,000","106,000,000",1900
12/1/2020 19:33:23,9,200k,none,none,2 million,Like 10 days but reset my account recently
12/1/2020 19:33:27,30,12.5mil,2k,6k,80mil,270
12/1/2020 19:34:08,26,600000,5000,5000,2500000,100
12/1/2020 19:34:29,41,71627952,6638,6282,125140632,1324
12/1/2020 19:34:30,31,"18,000,000",5300,871,"41,000,000",301
12/1/2020 19:34:38,4,4100000,40,50,8000000,280
12/1/2020 19:34:45,38,"32,680,549",1125,434,"50,987,145",987
12/1/2020 19:34:56,40,38000000,43000,13000,89000000,470
12/1/2020 19:36:12,41,"92,000,000","118,000","1,000",142000000,"1,600"
12/1/2020 19:36:32,46,1.800.000,1700,3300,54000000,1100
12/1/2020 19:37:08,38,9000000,30000,6000,40000000,600
12/1/2020 19:37:42,42,75m,18k,7k,125m,250~ hours this wipe.
12/1/2020 19:37:57,15,1.6 million,76,1000,11 Million,124h 26m
12/1/2020 19:37:57,14,1577977,1783,141,8019699,190
12/1/2020 19:37:59,25,4000000,500,1500,N/A,400
12/1/2020 19:38:49,33,6200000,900,1200,9600000,450
12/1/2020 19:39:01,30,"53,718,641","4,947",74 (just bought an items case),"96,159,424",695 hours including last wipe too
12/1/2020 19:41:26,37,"86,000,000","21,000","7,000","153,000,000",400
12/1/2020 19:41:51,46,47000000,8000,535,142000000,1007
12/1/2020 19:43:10,47,29000000,4000,1000,60000000,1500
12/1/2020 19:45:04,46,41000000,8500,23000,106500000,907
12/1/2020 19:45:07,50,"51,000,000","39,000",400,"105,000,000",1200
12/1/2020 19:45:17,40,24000000,1000,2000,45000000,
12/1/2020 19:45:55,69,"250,000,000","45,000","45,000","500,000,000",3500 in 3 years
12/1/2020 19:46:02,41,25000000,3300,1600,70000000,Lots
12/1/2020 19:46:51,22,500000,6000000,800,11000000,258
12/1/2020 19:47:57,49,6000000,50000,1500,50000000,1300
12/1/2020 19:48:04,49,6000000,50000,1500,50000000,1300
12/1/2020 19:48:17,41,40000000,3000,300,70000000,900
12/1/2020 19:48:36,46,49000000,1478,313,85000000,856
12/1/2020 19:48:43,27,254214,368,4295,14499790,204
12/1/2020 19:49:48,39,15000000,10000,1400,59000000,
12/1/2020 19:50:31,44,47000000,5000,800,87000000,500
12/1/2020 19:51:02,30,6000000,5000,10000,40000000,800
12/1/2020 19:51:31,15,"9,000,000","16,000","1,200",1121454513,170
12/1/2020 19:52:22,45,69000000,4000,2000,150000000,400
12/1/2020 19:52:27,43,16000000,4000,1500,73000000,2019
12/1/2020 19:52:39,48,55 000 000,10000,10000,123 000 000,800
12/1/2020 19:52:57,48,28000000,3000,3000,124654904,800
12/1/2020 19:53:16,47,32000000,10000,1000,81000000,550
12/1/2020 19:53:19,41,70000000,20000,3000,135000000,850
12/1/2020 19:54:59,59,"50,000,000","30,000","15,000","140,000,000",1250
12/1/2020 19:55:26,48,25mil,6000,12000,"105,000,000",9days 14hrs
12/1/2020 19:55:43,56,150 million,20k,1k,250 million,1650
12/1/2020 19:55:48,42,"23,000,000",<1000,4000,"63,000,000",400
12/1/2020 19:55:58,32,2500000,3000,6000,45000000,900
12/1/2020 19:56:07,43,12000000,1000,250,100000000,900
12/1/2020 19:56:22,37,"6,000,000","20,000",0,"46,000,000",412
12/1/2020 19:57:06,47,14830367,49904,153526,71029824,403h46m
12/1/2020 19:57:54,49,23000000,7000,3000,85000000,1600
12/1/2020 19:58:54,35,1500000,100,70,too lazy to check,a lot
12/1/2020 19:59:44,28,3500000,7000,70000,26000000,192
12/1/2020 20:00:04,44,36000000,2000,120,86000000,1300
12/1/2020 20:01:16,34,10000000,500,4500,46000000,800
12/1/2020 20:01:28,59,405 million,40000,5000,600 million,2000
12/1/2020 20:01:29,33,3500000,1000,3000,21000000,820
12/1/2020 20:01:38,51,24000000,18000,500,106000000,800
12/1/2020 20:01:56,56,135000000,70000,11000,336000000,
12/1/2020 20:02:06,54,150000000,90000,35000,415000000,That stat doesn't seem correct
12/1/2020 20:03:16,24,2.4Mil,800,240,61.3Mil,400
12/1/2020 20:03:30,27,700000,11540,5400,200000,900
12/1/2020 20:05:32,24,9 mil,900,2000,26 mil,600
12/1/2020 20:06:03,22,645000,5252,1477,6975000,444
12/1/2020 20:06:41,35,20000000,10000,900,60000000,
12/1/2020 20:08:39,43,50637811,9718,338,81885424,531
12/1/2020 20:09:06,40,11000000,8000,1000,45000000,300+
12/1/2020 20:09:20,34,"19,000,000","3,000","2,000","47,000,000",300
12/1/2020 20:10:09,34,9000000,13000,3000,26000000,1300
12/1/2020 20:10:36,49,"34,000,000",26k,16k,72144992,1329
12/1/2020 20:10:43,40,"2,849,674","12,070",107,"58,645,790",552
12/1/2020 20:10:55,47,35 mil,"10,000",Like 300 lol,142 mil,"1800 total, idk this wipe"
12/1/2020 20:11:13,34,3000000,0,100,50000000,1020
12/1/2020 20:11:21,29,"6,500,000","11,500","2,300","38,000,000",400
12/1/2020 20:12:38,45,"20,000,000","10,000",300,60287080,1050
12/1/2020 20:14:07,17,4.5 million,~150,~300,13.7 million ,~70
12/1/2020 20:15:48,45,"61,000,000","2,500","4,000","102,000,000",1250
12/1/2020 20:16:01,46,"46,000,000","30,000",200,"105,000,000",Unsure 
12/1/2020 20:16:35,40,"20,000,000",25000,1500,3200000,800
12/1/2020 20:16:52,37,11900000,15000,2000,39000000,489
12/1/2020 20:17:55,47,55000000,34513,7189,121000000,650
12/1/2020 20:18:31,54,"70,000,000","30,000",100,"120,000,000",1400
12/1/2020 20:18:47,38,3500000,2500,300,31000000,800
12/1/2020 20:19:05,59,35M,5k,0,80m,1100
12/1/2020 20:19:20,15,"1,500,000",,,"13,500,000",100
12/1/2020 20:19:26,55,30000000,4000,9000,89000000,2400
12/1/2020 20:20:29,40,"25,000,000","12,000",97,"44,000,000",300
12/1/2020 20:20:37,43,"30,000,000","2,500","1,000","95,000,000",700
12/1/2020 20:21:33,50,49000000,10000,1000,108000000,1390 (from character screen)
12/1/2020 20:22:12,27,2500000,1900,3400,38.7 million,450
12/1/2020 20:22:14,49,46m,2500,2500,"93,425,675",1100
12/1/2020 20:23:17,36,14500000,5000,4000,43000000,1124
12/1/2020 20:23:19,42,"27,000,000","10,000","5,000","64,000,000ish",3300 hours.
12/1/2020 20:23:49,49,78 000 000,8 000,7 000,147 000 000,1750
12/1/2020 20:26:56,38,5000000,3000,8000,40000000,500
12/1/2020 20:27:16,47,"38,000,000",6000,4000,"120,000,000",740
12/1/2020 20:27:19,25,4100000,1000,3800,37000000,750
12/1/2020 20:27:25,50,8.5 million,1.5k,8.5k,150 million,2500
12/1/2020 20:27:38,12,2800000,200,85,7575992,103
12/1/2020 20:29:17,27,755620,1620,5154,6101291,483Hours
12/1/2020 20:29:17,49,33000000,8000,9000,122000000,700
12/1/2020 20:29:41,12,2300000,1700,0,0,35
12/1/2020 20:30:34,60,"2,000,000",0,0,"78,000,000",1800
12/1/2020 20:30:46,5,"3,400,000",335,0,"2,500,000",40
12/1/2020 20:30:48,41,15500000,5000,9000,56000000,More than I should
12/1/2020 20:31:05,28,6 mil,767,900,34mil,260
12/1/2020 20:31:10,28,6 mil,767,900,34mil,260
12/1/2020 20:32:07,23,1132686,3152,5521,12619935,200
12/1/2020 20:32:19,32,10000000,9000,5000,26000000,1674
12/1/2020 20:32:56,42,1600000,10000,500,54000000,900
12/1/2020 20:33:08,53,220mil,15000,1740,295mil - ish,1500+
12/1/2020 20:33:12,48,48229589,1019,2159,97402712,1678.58
12/1/2020 20:34:00,56,200000,10000,0,120000,2000
12/1/2020 20:34:20,18,6 million,1400,3100,19 million,40
12/1/2020 20:34:29,10,1000000,1000,,5000000,
12/1/2020 20:35:38,34,8000000,9000,10,23000000,188
12/1/2020 20:36:01,21,4000000,5500,500,12000000,60
12/1/2020 20:36:44,56,63000000,20000,300,175798272,1273
12/1/2020 20:38:56,18,"10,740,000",200,2500,32500000,740
12/1/2020 20:39:31,12,2239,89,835,1167726,214
12/1/2020 20:40:00,52,20000000,30000,1000,300m,1000
12/1/2020 20:40:12,46,44000000,14000,1000,119000000,1203
12/1/2020 20:40:15,39,13000000,1809,564,48638808,5677
12/1/2020 20:40:26,33,20705970,9677,6834,48479444,469
12/1/2020 20:40:43,35,"29,211,865","2,866",143,"59,838,796",625
12/1/2020 20:41:16,47,13000000,2000,2500,2500000,70
12/1/2020 20:41:57,44,45000000,5000,1000,145000000,800
12/1/2020 20:42:11,30,"2,000,000",1900,35,"50,000,000",250
12/1/2020 20:44:05,41,60380771,25667,4129,104612880,421
12/1/2020 20:44:41,30,9000000,30000,100,40000,450
12/1/2020 20:46:19,22,2700000,30000,500,31000000,450
12/1/2020 20:46:21,34,"8,500,000",1300,68,"30,000,000",700
12/1/2020 20:47:00,51,"55,000,000","16,000","3,000","121,000,000","1,300"
12/1/2020 20:47:25,42,"14,850,500",14,1110,"84,320,200",800
12/1/2020 20:47:32,46,50 mil,40k,28j,121 mil,1100
12/1/2020 20:47:47,2,200000,0,0,300000,30
12/1/2020 20:48:31,43,"15,500,000","20,000","7,000","90,000,000",350
12/1/2020 20:48:45,22,5361417,9975,1291,19421136,270.02
12/1/2020 20:50:09,40,"90,000,000",50K,20K,"200,000,000",1600
12/1/2020 20:50:17,50,60 million ,20 million,4 thousand,165 million,"1500, 400-500 this wipe"
12/1/2020 20:50:26,34,23000000,6000,8000,21000000,260
12/1/2020 20:52:00,41,15000000,400,600,47000000,800
12/1/2020 20:52:04,45,"107,000,00",7651,7091,19887899,1254
12/1/2020 20:52:36,35,12600000,8200,2500,42000000,700
12/1/2020 20:53:45,36,17000000,4000,7000,45000000,380
12/1/2020 20:54:28,40,21000000,80000,4000,-,400
12/1/2020 20:55:40,52,51000000,2000,1500,90000000,900
12/1/2020 20:55:56,37,"24,000,000","15,000","5,000","54,000,000",670
12/1/2020 20:56:18,40,20000000,2000,0,65000000,1000
12/1/2020 20:56:19,53,86000000,42000,10000,120000000,500
12/1/2020 20:56:25,38,10600000,3000,4500,72700020,900
12/1/2020 20:56:43,36,12000000,2500,3000,41000000,700
12/1/2020 20:57:27,47,33406336,10028,910,91234608,736
12/1/2020 20:57:56,32,26000000,8000,7500,120000000,400
12/1/2020 20:58:23,41,13000000,3000,0,60000000,1700
12/1/2020 20:59:15,40,"2,600,000",300,1600,"27,000,000",150+
12/1/2020 20:59:22,32,388344,171,1277,12963817,1000
12/1/2020 21:01:35,54,60000000,20000,2000,140000000,2000
12/1/2020 21:01:46,23,"4,589,054",922,"2,999","11,750,963",324h
12/1/2020 21:02:19,27,"4,600,000",900,"2,500","13,500,000",570
12/1/2020 21:02:56,58,176000000,78000,1500,262000000,3300
12/1/2020 21:03:04,15,2m,"$3,000","$1,000",36m,400 (multi wipe)
12/1/2020 21:05:20,32,"2,600,000","12,000",5000,"36,000,000",400
12/1/2020 21:05:23,25,1235654,1500,300,5 million,135
12/1/2020 21:05:59,7,2400000,1500,500,26000000,70
12/1/2020 21:08:45,45,40 000 000,78 000,8 000,177 000 000,4600
12/1/2020 21:09:04,44,"21,000,000","6,000","11,000","110,000,000",2500
12/1/2020 21:09:18,41,41000000,10000,7000,821228144,724
12/1/2020 21:10:22,40,48000000,1200,3000,85000000,200
12/1/2020 21:12:34,53,54000000,13000,5000,109000000,950
12/1/2020 21:12:47,48,68million,10k,4K,140miliion,800
12/1/2020 21:12:54,60,130000000,25000,3000,270000000,1800
12/1/2020 21:13:41,48,8000000,5000,100,44000000,2300
12/1/2020 21:14:13,45,53000000,12500,125,121000000,600
12/1/2020 21:16:16,13,"726,179",824,53,3743666,88.75
12/1/2020 21:16:55,52,"58,000,000",25K,"3,000","116,000,000",2000
12/1/2020 21:17:11,13,1000000,2000,500,4000000,A lot just not this wipe 
12/1/2020 21:17:28,47,24000000,20000,500,71000000,453
12/1/2020 21:19:07,23,1816382,3823,1301,19000202,188
12/1/2020 21:19:29,34,8000000,300,0,2300000,1000
12/1/2020 21:20:13,36,13000000,77,364,37000000,405
12/1/2020 21:20:34,45,20million,10k,10k,90million,500+
12/1/2020 21:21:28,36,10776023,26931,2888,42254676,606.25
12/1/2020 21:21:46,20,136335,260,170,16842184,214.33
12/1/2020 21:21:50,48,"23,000,000","3,500","2,000","45,000,000",~500
12/1/2020 21:21:59,40,20000000,1000,5000,60000000,1000
12/1/2020 21:22:10,43,64 000 000,17 000,6300,135 000 000,"i have 1850hrs. but id say 80% of that, the game was left open the whole day."
12/1/2020 21:23:28,45,81000000,50000,500,200000000,2000
12/1/2020 21:25:58,43,51710027,2378,1268,102668808,2010
12/1/2020 21:26:26,17,"650,000",2000,800,"3,500,000",120
12/1/2020 21:26:28,41,5475000,2000,500,49971832,673
12/1/2020 21:26:35,25,200000,1000,500,18888889,200
12/1/2020 21:28:09,41,26713089,8338,922,65160336,725
12/1/2020 21:28:29,48,127000000,32000,1000,205000000,1550
12/1/2020 21:28:45,41,38 million,13k,100,95 million,About 300 this wipe (a lot of bitcoin farm money)
12/1/2020 21:28:47,45,7000000,15000,10000,150000000,2000
12/1/2020 21:28:50,16,1000000,1500,800,8900000,72
12/1/2020 21:29:13,43,5.5 mil,300,100,43 million,612
12/1/2020 21:29:21,42,27000000,3000,7000,65000000,500
12/1/2020 21:30:00,48,17500000,2540,1130,78500000,1550
12/1/2020 21:30:45,36,"5,000,000","5,000","3,000","30,000,000",563
12/1/2020 21:30:54,40,40000000,8000,6000,135000000,600
12/1/2020 21:31:26,48,55000000,25000,1000,130000000,1000
12/1/2020 21:31:38,36,3000000,9000,10000,23000000,
12/1/2020 21:31:52,69,29m,60000,2000,187m,5000
12/1/2020 21:33:32,40,18 million ,17 thousand,88 thousand,47 million,1126
12/1/2020 21:34:02,50,330m,560,3605,459m,1862
12/1/2020 21:34:25,54,"20,000,000","10,000","3,000","110,000,000","2,131 hours"
12/1/2020 21:34:58,31,"5,000,000",3000,214,32000000,220
12/1/2020 21:35:01,8,150000,25,0,6800000,500
12/1/2020 21:35:10,55,190 million,"10,000","10,000",285 million,1200+
12/1/2020 21:37:42,21,1857000,2700,260,29000000,216
12/1/2020 21:37:54,38,23 million ,15000,3000,70 mil,100
12/1/2020 21:38:30,54,70000000,10000,8000,130000000,800
12/1/2020 21:39:22,45,7000000,50000,3000,65000000,975
12/1/2020 21:40:43,39,"10,000,000","7,000",500,"60,000,000",1100
12/1/2020 21:42:24,4,"3,195,000",3000,0,"19,000,000",24
12/1/2020 21:42:54,44,15 000 000,15 000 ,1 000,60 000 000,1200
12/1/2020 21:43:19,33,12 000 000,2900,2900,54 000 000,Couple thousand maybe. I bought the game in 2017.
12/1/2020 21:43:36,14,400000,9000,80,20,20ish
12/1/2020 21:43:46,45,"35,000,000","5,000","4,500",No idea,650~
12/1/2020 21:44:47,39,27492461,563,1274,52860392,650
12/1/2020 21:45:11,29,"6,200,000","5,000","6,000","32,000,000",260
12/1/2020 21:45:27,30,2806945,16329,7319,31358064,400
12/1/2020 21:46:43,45,52000000,12000,1000,105000000,600
12/1/2020 21:47:54,48,"100,000,000","10,000","10,000","150,000,000",700
12/1/2020 21:48:33,51,1130000,5000,8000,44286484,1655
12/1/2020 21:49:05,43,30000000,5400,5200,97000000,1173
12/1/2020 21:49:31,43,14000000,450000,95000,150000000,800
12/1/2020 21:50:40,9,"1,400,000",250,60,"5,100,000",45
12/1/2020 21:50:42,36,124000000,25000,300,200000000,1000
12/1/2020 21:51:48,33,"24,000,000","5,500","9,000","40,000,00",800
12/1/2020 21:52:23,44,35000000,333333,15000,120000000,2000
12/1/2020 21:52:49,22,"3,000,000","14,000","1,000","1,200,000",lots
12/1/2020 21:54:21,44,10 million or so,9 thousand or so,"none, euros are useless to me, and when i need them i just exchange currency","5,232,517",1204
12/1/2020 21:55:10,43,35000000,15000,400,71000000,954
12/1/2020 21:55:49,18,2400000,1500,500,29000000,400
12/1/2020 21:57:15,46,81m,5000,4500,112m,1100
12/1/2020 21:57:44,7,4200000,6600,100,24000000,40
12/1/2020 21:59:25,44,55000000,25000,7000,125000000,900
12/1/2020 21:59:35,49,62605707,11421,1118,128960296,932
12/1/2020 22:00:03,46,25000000,23000,11000,85000000,600
12/1/2020 22:00:21,22,15610074,11004,5399,36965216,150
12/1/2020 22:00:33,28,"4,300,000",187,390,"Probably around 1,000,000",Maybe 40
12/1/2020 22:01:19,45,42000000,150000,15000,107000000,1500
12/1/2020 22:03:59,34,8000000,3000,200,58000000,700
12/1/2020 22:04:25,23,2500000,0,1400,3381203,190
12/1/2020 22:04:42,48,26 million,4,"1,000",79 million,1000
12/1/2020 22:07:02,20,1.5mil,10k,500 bucks,19 million ,867
12/1/2020 22:07:27,Swagmoney,167657998,22346,4587,236827098,587
12/1/2020 22:08:10,64,130000000,,,290000000,1500
12/1/2020 22:08:42,39,30000000,12000,800,71000000,900
12/1/2020 22:09:06,58,25000000,24000,1000,58000000,750
12/1/2020 22:09:07,46,30000000,900,40,69000000,1000
12/1/2020 22:09:19,51,15million,33000,159,140million,900
12/1/2020 22:09:48,23,"5,000,000","4,000","8,000",25 million,
12/1/2020 22:11:29,44,24.5 Million,"16,000",7500,Around 73 Million Rubles,Around 400 Hours
12/1/2020 22:11:45,14,"8,300,000","10,000",Idk,Idk,175
12/1/2020 22:12:23,29,"1,576,467","6,543",276,"3,000,000",500
12/1/2020 22:12:39,55,250000,30000,8000,140000,1100
12/1/2020 22:13:06,42,104423177,3177,5156,49249264,1294
12/1/2020 22:13:26,38,I stay around 2.5 mil,8k,2k,23mil,284
12/1/2020 22:14:45,40,9 mil,"1,273","44,000",18359275475,984
12/1/2020 22:15:30,40,500000,14000,100,32500000,1200
12/1/2020 22:17:08,39,51000000,3500,10000,83000000,1015
12/1/2020 22:17:54,38,"30,770,008","9,846","1,829","72,624,328",612
12/1/2020 22:18:10,48,44000000,13000,7000,60000000,600
12/1/2020 22:18:13,40,"42,000,000",400,3000,"72,000,000",1098
12/1/2020 22:18:37,48,25000000,10000,50000,85000000,1000+
12/1/2020 22:20:29,56,335000000,110000,15000,510000000,3426
12/1/2020 22:21:06,45,57037568,5160,642,86424072,67.73
12/1/2020 22:21:27,22,7690475,6011,2079,23412968,200
12/1/2020 22:24:44,50,125311379,80269,40163,193766896,2127
12/1/2020 22:25:26,18,1500000,1200,500,7821854,336
12/1/2020 22:27:29,47,35000000,1000,2000,120000000,Too many
12/1/2020 22:28:56,27,2981223,5358,86,15421263,2500+
12/1/2020 22:29:19,40,24000000,4000,100,100000000,1000
12/1/2020 22:30:14,51,"83,254,233","18,721","3,027","135,766,302",797
12/1/2020 22:30:15,31,"8,168,729","3,440","1,354","64,549,992",Around 600
12/1/2020 22:30:16,45,31000000,2000,5000,71000000,1000
12/1/2020 22:34:44,51,150000000,10000,1000,215950000,1000
12/1/2020 22:35:14,49,56 617 180,23500,3000,111560759,759
12/1/2020 22:35:42,40,"6,000,000","18,00","8,000","70,000,000",821
12/1/2020 22:36:20,41,100000000,11000,6000,146000000,800
12/1/2020 22:37:20,52,57000000,40000,20000,135000000,600
12/1/2020 22:39:04,28,11.4 million ,"1,500~ ","6,000~",28million ,400
12/1/2020 22:40:00,42,"70,000,000",1400,1000,"140,000,000",840
12/1/2020 22:40:27,45,59000000,3000,2000,140000000,1200
12/1/2020 22:40:32,39,21322634,8528,3157,64989560,964
12/1/2020 22:41:03,41,22 mil,5k,3k,50mil,900
12/1/2020 22:41:05,40,18.5 million,200,12 thousand,40 million,620
12/1/2020 22:42:41,18,1000000,1000,1000,8000000,250
12/1/2020 22:42:49,39,140000000,100000,100000,237864656,1000
12/1/2020 22:43:01,48,60 mil,7k,2k,110 mil,1060
12/1/2020 22:43:42,45,19000000,10000,10000,80000000,500
12/1/2020 22:46:09,1,1,1,1,1,1
12/1/2020 22:46:10,25,4 mil,1k,idk,5 mil,idk
12/1/2020 22:46:19,52,60000000,15000,15000,170000000,500
12/1/2020 22:46:34,24,"6,000,000","6,000","4,000","29,000,000",242 hours
12/1/2020 22:47:13,69,129831376,39366,2201,186466880,2974
12/1/2020 22:48:38,38,6000000,1200,2500,65000000,2000
12/1/2020 22:50:00,20,"13,000,000","5,000","3,000","23,000,000",80 this wipe.
12/1/2020 22:50:27,36,8000000,10000,5000,52000000,300
12/1/2020 22:51:56,11,30000,166,433,4580000,63
12/1/2020 22:53:51,53,54000000,140000,2000,154000000,1100
12/1/2020 22:54:19,51,50 million,5000,400,91 million,1000
12/1/2020 22:54:38,51,40000000,48755,74,122615272,1090
12/1/2020 22:56:13,33,7.7 million,800,200,50 million,600
12/1/2020 22:56:36,41,11666666,12000,1000,54000000,2500
12/1/2020 22:56:47,46,25000000,40k,11k,100000000,350
12/1/2020 22:57:07,15,3.7 million,978,1352,13.1 million,90 hours online
12/1/2020 22:57:46,16,1500000,17000,650,14000000,400
12/1/2020 22:58:07,5,350000,300,0,2000000,10
12/1/2020 22:59:16,36,"18,000,000","8,500","1,500","75,000,000",500
12/1/2020 23:01:03,50,26000000,60000,173,73393416,1063
12/1/2020 23:03:01,39,"55,000,000","150,000","5,000","155,370,192",459
12/1/2020 23:04:50,52,20m,5k-10k,3k-10k,30m,2000+
12/1/2020 23:05:15,47,45 million,20k,2k,"idk like 30  mil, irrelevant ",600
12/1/2020 23:05:30,52,"27,000,000",8000,16000,"59,000,000",1244
12/1/2020 23:07:00,43,"160,000,000","10,000",1000,over 180 mill,over 1300 hours
12/1/2020 23:07:03,46,35000000,2000,100,80000000,600
12/1/2020 23:08:46,38,"4,000,000",2000,8000,"20,000,000",300
12/1/2020 23:12:06,37,1500009,10000,80,35000000,445
12/1/2020 23:12:33,45,"30,500,000","17,000","5,000","72,000,000",662
12/1/2020 23:14:09,40,212000000,42000,2200,300+ mill,800
12/1/2020 23:14:11,16,28563,1564,5684,368432,46
12/1/2020 23:14:36,45,"95,000,000","14,000","6,000","135,000,000",800
12/1/2020 23:17:19,40,105 million,10000,4500,165000000,500
12/1/2020 23:17:57,42,"55,000,000",6000,3000,"75,000,000",800
12/1/2020 23:19:22,39,8000000,1500,60,30000000,750
12/1/2020 23:20:17,50,25000000,6000,3000,74000000,2000
12/1/2020 23:20:28,50,45000000,15000,50,150000000,1000
12/1/2020 23:20:39,42,18255175,3087,1484,63666712,696
12/1/2020 23:21:39,26,350000,1000,3450,"55,000,000",500
12/1/2020 23:22:14,49,"97,000,000",9000,58000,"167,000,000",1300
12/1/2020 23:22:53,40,23000000,9000,1000,60000000,900
12/1/2020 23:24:00,38,31000000,18000,12000,82800896,631
12/1/2020 23:24:24,47,"400,000,000",5000,500,"480,000,000",1500
12/1/2020 23:27:13,8,1200000,0,0,6000000,10
12/1/2020 23:27:16,48,72000000,14000,120,168000000,900
12/1/2020 23:28:52,50,100 million,10000,40,"206,000,000",1500
12/1/2020 23:29:55,22,3 million,11 thousand,7 thousand,15 million,600
12/1/2020 23:31:09,30,1870000,12,4067,16532118,260
12/1/2020 23:31:28,37,"26,000,000","3,000","15,000","55,000,000",600
12/1/2020 23:31:54,30,300000,15000,0,13000000,300
12/1/2020 23:32:44,43,"49,723,000","18,412","14,361","101,253,256",800
12/1/2020 23:33:03,53,7600000,10000,500,155000000,1050
12/1/2020 23:33:26,40,15000000,30000,11000,117392533,340
12/1/2020 23:33:32,9,800000,1000,100,1.1 million,360
12/1/2020 23:35:48,14,8000000,1200,350,20000000,260
12/1/2020 23:36:03,32,3900000,300,7000,34000000,600
12/1/2020 23:36:41,45,"20,000,000",~1800,~500,"65,000,000",~1200
12/1/2020 23:36:57,44,74000000,13000,6000,124000000,1300
12/1/2020 23:38:10,25,900000,1850,4500,"21,000,000",
12/1/2020 23:39:14,63,30MM,10K,1K,120MM,2200
12/1/2020 23:39:43,23,"26,000,000","23,000","4,000","53,000,000",440
12/1/2020 23:41:08,29,"15,000,000",5000,1500,"45,000,000",790
12/1/2020 23:41:49,52,138722500,39500,150,246615776,1700
12/1/2020 23:42:47,40,"8,000,000",6000,1200,"53,000,000",735
12/1/2020 23:43:04,59,146000000,20000,2000,206000000,Too many 
12/1/2020 23:44:51,49,"47,791,713","8,768","1,994","128,332,272",433
12/1/2020 23:45:56,51,11 mil,2k,500,Idk,
12/1/2020 23:46:21,3,68000,0,0,350000,6
12/1/2020 23:47:26,36,3 600 000,17 000,6000,30 000 000,1080
12/1/2020 23:47:39,43,28 million,13000,10000,60 million,550
12/1/2020 23:49:48,52,96 000 000,8000,2000,150 000 000,1200
12/1/2020 23:50:02,50,22000000,40000,3000,100000000,1000+
12/1/2020 23:51:02,49,58000000,10000,2000,100000000,1200
12/1/2020 23:52:22,30,"12,485,990","1,861","7,351","39,180,056",750h online
12/1/2020 23:55:23,43,61017009,5111,4351,82239320,1696
12/1/2020 23:56:24,53,65000000,53000,6500,180000000,1600
12/1/2020 23:57:31,46,69000000,10000,500,200000000,600
12/1/2020 23:58:24,47,50000000,30000,3000,130000000,900
12/1/2020 23:59:32,26,24000000,3000,1000,48000000,500
12/2/2020 0:02:24,48,11250000,15000,12000,52000000,780
12/2/2020 0:02:52,25,3936082,45,440,18268800,677
12/2/2020 0:03:20,58,40000000,40000,1000,80000000,3500
12/2/2020 0:04:48,30,18500000,3700,6600,36217000,510
12/2/2020 0:05:05,41,49 million,7000,8000,90 million,800
12/2/2020 0:05:16,55,"68,000,000","51,000","7,000","186,000,000",740
12/2/2020 0:05:19,46,4765307,3069,1068,114393800,1117
12/2/2020 0:07:20,43,51000000,8000,14000,93000000,1500
12/2/2020 0:08:53,42,12000000,5000,1000,120000000,928
12/2/2020 0:11:07,39,9000000,3000,6000,42000000,400
12/2/2020 0:11:19,44,15000000,5000,4700,135000000,840
12/2/2020 0:12:08,14,4893283,1561,1132,23000000,900
12/2/2020 0:13:10,43,56974384,25349,1876,115220136,633
12/2/2020 0:13:11,50,12000000,13000,3000,42383640,2500
12/2/2020 0:13:31,39,5124345,8956,7665,52890721,683
12/2/2020 0:15:16,22,11 million,4300,4200,18 million,300
12/2/2020 0:16:34,45,30000000,17000,0,111000000,2000+
12/2/2020 0:17:03,36,12000000,3000,1000,28000000,500
12/2/2020 0:18:00,36,23000000,4659,5185,53621984,
12/2/2020 0:18:20,44,150000000,800,0,230000000,1000
12/2/2020 0:19:13,24,1600000,500,6500,3500000,
12/2/2020 0:20:20,53,15000000,5000,1000,75000000,1500
12/2/2020 0:21:45,54,8000000,3000,10,170000000,1000
12/2/2020 0:22:02,37,20215674,2291,191,50190376,945
12/2/2020 0:22:33,56,92000000,5000,6000,129000000,2100
12/2/2020 0:23:04,53,33.3m,48.6k,9.1k,132325664,Way too many
12/2/2020 0:23:12,46,26000000,10000,0,125000000,1200
12/2/2020 0:23:48,22,"10,259,433","19,391","16,457","40,395,588",252h38m
12/2/2020 0:24:09,48,39000000,15000,6000,85000000,1546
12/2/2020 0:24:42,40,15000000,1000,5000,60000000,700
12/2/2020 0:24:58,30,8000000,9000,7000,36000000,
12/2/2020 0:25:26,19,1600000,8400,440,33000000,200
12/2/2020 0:26:39,51,80000000,1000,0,110000000,800
12/2/2020 0:26:50,40,"500,000","30,000",2000,40Mill~ too lazy to check,
12/2/2020 0:27:51,33,"12,500,000","9,000",4411,"42,000,000",568 (A large portion from being in the menu)
12/2/2020 0:28:37,35,40000000,50000,3000,25000000,Dunno
12/2/2020 0:30:02,50,120000000,16000,0,241000000,900
12/2/2020 0:30:04,46,33000000,175000,800,93468856,1005
12/2/2020 0:30:38,59,³⁶⁰⁰⁰⁰⁰⁰,¹⁰⁰⁰,5000,89000000,2000
12/2/2020 0:31:23,21,4000000,10000,4000,17000000,250
12/2/2020 0:31:35,28,2000000,1000,500,10000000,200
12/2/2020 0:32:00,26,"4,314,317","14,484","7,445","33,150,696",311
12/2/2020 0:33:07,21,8 million,15000,1000,5 million,200
12/2/2020 0:35:36,30,5000000,3000,1000,8000000,100
12/2/2020 0:36:30,10,1000000,4000,300,11000000,160
12/2/2020 0:39:18,41,91000000,70000,10000,224000000,1000
12/2/2020 0:42:58,17,"850,666",567,"1,458",8678574,39
12/2/2020 0:45:09,15,2500000,2000,300,1500000,30
12/2/2020 0:46:19,35,7 mil-ish,3850,4715,34.9 mil,400
12/2/2020 0:46:28,29,46150000,6800,7400,82000000,500
12/2/2020 0:46:29,25,4 million ,"1,000","1,500",14 million ,187
12/2/2020 0:47:57,36,88062377,6976,4476,229639248,2260
12/2/2020 0:48:54,37,"28,000,000",500,3000,"75,000,000",716
12/2/2020 0:49:49,42,"26,471,242","8,164","6,276","69,947,240","778 Hours, 40 Minutes"
12/2/2020 0:50:11,31,100000,13489,156,58967456,100
12/2/2020 0:50:24,30,100000,2,3,12000000,250
12/2/2020 0:54:12,24,9,26000,3400,12.349.000,300
12/2/2020 0:55:57,13,300k ish lol,Like 50,200 something?,"I'm not logged in, but maaaaaybe 500k","Too many to be as poor as I am, I'm bad at the game :')"
12/2/2020 0:56:17,45,35000000,7000,500,500000000,1000
12/2/2020 0:56:36,14,2000000,200,40,5000000,500
12/2/2020 0:56:52,42,37000000,14000,5000,105000000,1450
12/2/2020 0:56:59,42,34000000,5000,1000,70000000,300
12/2/2020 0:57:01,47,"48,000,000",12000,5000,"90,000,000",800
12/2/2020 0:57:20,38,"7,000,000","1,000","3,000","35,500,000",
12/2/2020 0:58:16,54,150000000,8000,400,272000000,1300
12/2/2020 1:01:42,38,8.9 million,4000,2000,60mil,300
12/2/2020 1:02:16,33,10000000,5000,5000,40000000,700
12/2/2020 1:02:25,32,6.5m,8200,8100,45m,1540
12/2/2020 1:02:25,35,10.5M,5.1k,1.8k,34m,372
12/2/2020 1:03:13,43,2500000,10000,12000,48000000,512
12/2/2020 1:03:37,45,4.2 million,16000,9000,28 million,530 hours this wipe
12/2/2020 1:04:18,39,"2,500,000","4,000","1,000","18,000,000",1000
12/2/2020 1:04:22,51,24000000,4000,4000,91000000,900
12/2/2020 1:04:23,33,14000000,10000,10000,40000000,300
12/2/2020 1:06:05,16,2900000,7800,3000,21400000,260
12/2/2020 1:07:16,29,"3,500,000","5,000",1000,"22,000,000",400
12/2/2020 1:07:18,37,"45,000,000","20,811","3,055","82,795,480",1077.5
12/2/2020 1:07:48,36,"13,000,000",8500,11000,"33,000,000",1173
12/2/2020 1:08:15,60,130000000,25000,4000,260000000,1800
12/2/2020 1:14:16,50,139000000,5900,820,214000000,1530
12/2/2020 1:14:51,46,9126722,29685,8169,70088008,1827.73
12/2/2020 1:15:09,52,"21,727,593","8,524",714,"45,803,276",923
12/2/2020 1:15:25,36,8.8 million ,10000,1000,57 million ,800
12/2/2020 1:15:29,47,"63,000,000","17,000","3,000","131,100,000",923
12/2/2020 1:16:24,14,850000,1500,0,5600000,32
12/2/2020 1:16:32,50,60188086,4792,7125,82367345,723
12/2/2020 1:18:10,11,3100000,0,0,10000000,50
12/2/2020 1:18:49,45,23 million ,826,342,60000000,607
12/2/2020 1:19:15,18,"1,681,000","2,500",800,"8,500,000",468
12/2/2020 1:19:36,24,14 000 000,5000,2500,32 000 000,429
12/2/2020 1:22:18,54,56000000,15000,10000,160000000,700
12/2/2020 1:22:53,39,18000000,4000,2500,55000000,300+
12/2/2020 1:25:25,50,60 000 000,80 000,75 000,130 000 000,900
12/2/2020 1:32:25,44,4 mil,"$8,000",2000,Like a lot,like... even more dude
12/2/2020 1:32:38,6,850000,2200,300,5624000,30
12/2/2020 1:37:12,38,"13,000,000","7,000","4,000","98,000,000",199
12/2/2020 1:38:45,53,113000000,11000,4000,184000000,1750
12/2/2020 1:39:57,53,35940411,202757,7394,157102688,1509
12/2/2020 1:43:00,45,6000000,5000,0,25000000,500
12/2/2020 1:43:49,33,"8,000,000","24,000","2,000","30,000,000",250
12/2/2020 1:45:07,48,12 000 000,17 000,1 000,80 000 000,422~
12/2/2020 1:48:36,42,40 mil,15k,7k,80mil,Probably a few couple hundred  this wipe
12/2/2020 1:51:45,45,4892150,23665,1508,91095296,1368
12/2/2020 1:52:42,21,844193,55,834,9431692,438
12/2/2020 1:52:59,49,"50,000,000","10,000",100,"130,000,000",850
12/2/2020 1:54:56,31,36000000,12000,2000,70000000,170
12/2/2020 1:55:25,36,11000000,500,0,40000000,1660
12/2/2020 1:55:55,41,27.000.000,11.2,1,77.500.000,"idk, around 850 i guess"
12/2/2020 1:56:12,70,125 million ,0,0,347 million,2k
12/2/2020 2:00:39,50,41000000,19500,2600,107000000,1400
12/2/2020 2:04:10,45,52706877,5275,3436,118036208,1833
12/2/2020 2:04:34,52,150 mill,15000,2000,350 something,3k
12/2/2020 2:05:33,58,84000000,2000,53,175000000,~4500
12/2/2020 2:06:42,45,60000000,40000,1000,100000000,650
12/2/2020 2:06:59,50,65 million,8000,4000,110 million,1200
12/2/2020 2:07:55,5,650000,58,0,2500000,10
12/2/2020 2:08:34,33,8500000,8600,600,54000000,585
12/2/2020 2:09:47,49,113000000,20000,21000,250000000,1000
12/2/2020 2:13:15,30,4mil,27k,10k,33mil,200
12/2/2020 2:15:16,40,10mil,20k,10k,60mil,"Total? ~1700. This wipe, ~125."
12/2/2020 2:17:40,32,"17,000,000","2,345","3,450","39,000,000",460
12/2/2020 2:18:45,26,1200000,700,400,10000000,
12/2/2020 2:18:47,47,19478899,21764,14,102989988,987
12/2/2020 2:18:53,53,256 000 000,16 000,7 000,350 000 000,1450
12/2/2020 2:21:56,49,"32,000,000","16,000","4,800","121,000,000",
12/2/2020 2:24:53,27,3102378,10081,3732,4132032,376
12/2/2020 2:25:37,32,3mil now,Abour 9k,About 7k,30mil,300h
12/2/2020 2:26:45,50,"18,6 million",2500,3000,"81,8 million",973 h
12/2/2020 2:27:11,58,125000000,25000,30000,270000000,300
12/2/2020 2:28:28,37,32 milion,10000,5000,more then 85 milion,500
12/2/2020 2:28:45,50,50000000,30000,0,120000000,300
12/2/2020 2:30:44,30,300000,1000,0,10000000,850
12/2/2020 2:36:15,47,10000000,10000,1000,21000000,200
12/2/2020 2:37:11,48,30900000,39000,1200,105689621,859.2
12/2/2020 2:37:29,45,40000000,30000,5000,120000000,2000
12/2/2020 2:37:43,45,43000000,10000,369,92000000,938
12/2/2020 2:38:05,29,3000000,400,13000,10300000,520
12/2/2020 2:41:51,44,26M,12K,45K,102M,800
12/2/2020 2:43:43,42,45000000,24000,10000,130600000,900
12/2/2020 2:44:44,51,39000000,2500,1500,98000000,1700
12/2/2020 2:45:16,49,12000000,5000,300,55000000,900
12/2/2020 2:46:22,25,500k,0,1700,6m,69
12/2/2020 2:48:37,46,70000000,8000,2000,115000000,700+
12/2/2020 2:49:05,51,55000000,20000,15000,190000000,1500
12/2/2020 2:49:23,30,5000000,5000,2000,10000000,140
12/2/2020 2:49:51,49,"65,250,000","35,000","2,500","111,000,000",2300
12/2/2020 2:50:05,26,11m,"15,077",2k,29m,176
12/2/2020 2:50:58,53,"120,000,000","50,000",7600,247000000,4843
12/2/2020 2:52:08,42,"11,500,000","2,000",500,"33,000,000",850
12/2/2020 2:53:43,51,5000000,1200,1000,47000000,1050
12/2/2020 2:54:47,27,"2,000,000","6,000","6,000","16,000,000",198
12/2/2020 2:55:12,53,63000000,29000,11000,143000000,800
12/2/2020 2:57:50,29,8500000,5000,10000,32000000,180
12/2/2020 2:57:51,48,10000000,1350,800,47500000,1100
12/2/2020 2:57:55,16,11000000,1500,3000,28000000,300
12/2/2020 2:58:49,36,26000000,1500,800,581002981,around 200 hours.
12/2/2020 2:59:29,24,4.5M,5k,2k,24154844,160h
12/2/2020 3:00:01,45,29579370,1546,1492,87000000,2000
12/2/2020 3:02:32,55,150000000,20000,10000,300000000,2350
12/2/2020 3:03:06,8,500k,5k,0,5 mil,36
12/2/2020 3:06:04,43,10m,500,500,50m,1000
12/2/2020 3:06:54,48,49.000.000,10,1,130.000.000,~ 2.000
12/2/2020 3:07:21,42,"68,000,000",4000,0,110000000,850
12/2/2020 3:10:20,45,"22,000,000","50,000","1,400","70,000,000",500
12/2/2020 3:12:46,31,11.9 mill,2543,8033,50mill,543
12/2/2020 3:13:10,40,32323111,814,2719,52548380,474
12/2/2020 3:13:48,60,265 million,3000,800,340 million,3700
12/2/2020 3:14:19,46,11000000,2600,1300,48000000,600
12/2/2020 3:14:42,33,3500000,2000,1500,16000000,50
12/2/2020 3:14:52,45,10 mil,3k,10k,50 mil,400
12/2/2020 3:15:00,26,1300000,1299,28,11890234,500
12/2/2020 3:17:00,23,1000000000,15000,6000,20000000000,100
12/2/2020 3:21:36,52,52000000,27000,6000,82000000,756
12/2/2020 3:23:14,41,"33,000,000","17,000",36,"93,000,000",700
12/2/2020 3:23:14,43,25000000,22000,8000,104000000,1500
12/2/2020 3:24:04,28,70000000,7000,3000,32000000,250
12/2/2020 3:24:08,37,"4,1 Mio",,,21Mio,900h
12/2/2020 3:24:33,40,12.000.000,10000,2000,64000000,1200
12/2/2020 3:28:10,30,5000000,20000,13000,25000000,1500
12/2/2020 3:28:27,46,17000000,20000,2000,70000000,600
12/2/2020 3:30:13,65,50mil,10k,5k,90mil,3k
12/2/2020 3:30:23,52,"92,000,000",60000,1200,"160,000,000",1200
12/2/2020 3:30:41,37,33000000,2000,0,80000000,500
12/2/2020 3:31:04,43,33320000,3000,3000,64613924,882
12/2/2020 3:31:26,60,95000000,30000,10000,202000000,1300
12/2/2020 3:31:55,30,13.1 million,10k,7000,23 million,300ish
12/2/2020 3:35:47,20,650000,4000,10,25000000,180
12/2/2020 3:37:20,17,5000000,1500,1500,Waiting foor a raid,Fuck all
12/2/2020 3:37:27,46,30000000,10000,6000,130000000,500
12/2/2020 3:37:44,44,28000000,22400,600,78000000,1345
12/2/2020 3:38:58,44,75000000,15000,9000,130000000,750
12/2/2020 3:41:22,11,500000,700,100,6500000,90
12/2/2020 3:41:39,42,13000000,8500,460,40700000,940
12/2/2020 3:42:22,46,25000000,20000,13500,95000000,500
12/2/2020 3:42:32,47,13000000,13000,0,57000000,
12/2/2020 3:46:45,35,2,0,1,9500,650
12/2/2020 3:50:29,26,2286772,1485,801,26874598,190
12/2/2020 3:53:43,30,5m,5k,4k,30m,517h
12/2/2020 3:56:03,55,44000000,31000,3000,115000000,900
12/2/2020 3:56:35,47,101 270 000,3500,1700,169 252 000,1300
12/2/2020 4:00:54,37,3000000,15000,8000,50000000,150
12/2/2020 4:01:07,48,40 000 000,15 000,4000,135780452,450
12/2/2020 4:01:57,48,25000000,250000,150000,89000000,750
12/2/2020 4:03:10,24,5500000,1100,23,900000,230
12/2/2020 4:04:41,42,"11,000,000","16,000","2,000","62,000,000",1580hrs
12/2/2020 4:05:23,41,255000000,10000,200,378000000,300
12/2/2020 4:06:12,34,16000000,1300,3000,55617443,947
12/2/2020 4:06:24,40,"20,200,000",3100,27,"55,000,000",Probably 200
12/2/2020 4:07:09,30,50000,15000,0,23 000 000,400
12/2/2020 4:07:11,33,13000000,10000,6000,70000000,300
12/2/2020 4:08:12,35,11000000,10000,8500,29000000,270
12/2/2020 4:08:41,34,20 Mil,1000,1400,42 Mil,300
12/2/2020 4:09:39,23,380000,105,1300,3800000,445
12/2/2020 4:10:44,47,54 million ,"8,000",0,105.5 Million,1700
12/2/2020 4:11:14,45,30000000,4000,1000,68000000,900
12/2/2020 4:11:26,40,"30,000,000","6,000",157,"109,000,000","1,400"
12/2/2020 4:12:17,7,2500000,2000,1000,7000000,30
12/2/2020 4:13:35,53,34000000,7000,14000,77000000,1250
12/2/2020 4:13:43,13,450000,3000,200,3530282,39
12/2/2020 4:14:46,62,450000000,10000,5000,1035000000,2500
12/2/2020 4:15:22,51,42778318,13773,12027,111172104,1159h
12/2/2020 4:17:00,35,15m,9k,11k,24m,idk
12/2/2020 4:17:16,53,"82,000,000",60000,850,"134,000,000",3469
12/2/2020 4:19:28,50,77000000,17000,2500,118000000,1500
12/2/2020 4:20:17,32,9281327,8956,485,41692152,860
12/2/2020 4:23:20,41,42000000,1000,500,70000000,580
12/2/2020 4:25:53,48,100 mil,30k,12k,220mil,1800
12/2/2020 4:26:58,23,3000000,4000,2000,16000000,200
12/2/2020 4:27:22,60,85000000,6000,500,230000000,1200
12/2/2020 4:29:12,56,170000000,30000,5000,350000000,1000
12/2/2020 4:30:22,46,33000000,20000,500,700000000,1200
12/2/2020 4:30:35,52,73000000,38000,4000,133000000,1100
12/2/2020 4:30:57,40,"60,000,000","22,000","11,000","100,000,000",
12/2/2020 4:32:55,53,57000000,10000,2000,145000000,1000
12/2/2020 4:33:24,12,2.000.000,150,0,10 mil,500~
12/2/2020 4:33:42,46,24m,40k,10k,90m,910
12/2/2020 4:34:47,51,44000000,30000,1500,131000000,1436h48m
12/2/2020 4:34:48,46,24000000,30000,10000,90000000,911
12/2/2020 4:35:28,28,"6,500,000","6,000",800,"28,000,000",800
12/2/2020 4:36:25,42,21 mil,8k,4k,42 mil,730 hours
12/2/2020 4:36:52,36,2897374,4133,315,35166540,637
12/2/2020 4:38:25,41,205.000.000,8100,6100,320.000.000,1043
12/2/2020 4:38:47,52,50 000 000,6000,20000,115 000 000,800
12/2/2020 4:38:50,57,142 million,420$,129 euro,210 mill,1k+ hours
12/2/2020 4:40:29,43,15000000,8000,6500,85600000,450
12/2/2020 4:43:28,52,76 Million,55 Thousand,5 Thousand,150 Million,4500
12/2/2020 4:44:11,38,65000000,16000,6000,88000000,1200
12/2/2020 4:44:12,35,"1,500,000",5000,"26,000","45,000,000",100
12/2/2020 4:44:44,56,237000000,79000,5000,320000000,2000
12/2/2020 4:46:56,48,97000000,2000,4500,160000000,1833
12/2/2020 4:47:03,32,25367060,12709,7336,46979808,396
12/2/2020 4:47:21,57,227000000,80000,12000,350000000,6700
12/2/2020 4:47:36,51,52000000,33000,7000,109000000,1308
12/2/2020 4:55:11,53,30 million,5000,200,100 million,860
12/2/2020 4:55:16,39,5000000,10000,2000,26000000,900
12/2/2020 4:56:03,54,145 500 000,12 300,500,212 000 000,1380
12/2/2020 4:57:34,30,21 000 000 ,3000,9000,46 000 000,240
12/2/2020 5:00:16,27,5 636 831,2684,3000,11 724 896,100
12/2/2020 5:00:43,40,17000000,7000,1000,5500000,700
12/2/2020 5:01:15,24,1'500'000,0,700,13'000'000,101
12/2/2020 5:01:22,43,5000000,2000,2000,51000000,800
12/2/2020 5:03:48,28,4M,10k,5k,35M,400
12/2/2020 5:04:19,48,11266565,48229,237,94284296,868
12/2/2020 5:07:27,49,38000000,14000,1500,85000000,950
12/2/2020 5:07:51,32,700000,8000,3400,24500000,220
12/2/2020 5:09:34,24,3500000,2500,500,24000000,370
12/2/2020 5:09:52,45,14000000,10000,100,7000000,200
12/2/2020 5:10:41,61,108000000,245000,12000,205000000,4000
12/2/2020 5:16:06,34,12000000,2000,100,33000000,290
12/2/2020 5:16:31,41,7567893,12345,3009,46345678,"over 1200, but around 300 of them have been afk'ing scav runs when i first started, "
12/2/2020 5:18:33,41,24000000,5000,14000,80000000,647
12/2/2020 5:19:24,40,"47,000,000",8500,400,103M,500
12/2/2020 5:21:10,37,"8,000,000","2,000","1,000","40,000,000",750
12/2/2020 5:21:28,38,45000000,5000,50,90000000,400
12/2/2020 5:22:29,40,69 million,"12,000",250,113 million,1100
12/2/2020 5:23:01,38,9000000,48,20,29000000,580
12/2/2020 5:23:06,44,"16,000,000","5,000","1,000","90,000,000",450
12/2/2020 5:23:38,17,"3,000,000",2300,600,"16,010,000","About 900 in almost 3 years, just haven't played much this wipe. Started 2 weeks late and lost interest."
12/2/2020 5:24:58,44,19000000,14000,11000,75000000,892
12/2/2020 5:26:28,49,14500000,2200,1500,82000000,1500
12/2/2020 5:28:35,44,34 milions,7000,2000,93 milions,834
12/2/2020 5:32:50,36,19000000,10000,11000,81000000,1200
12/2/2020 5:33:03,32,34000000,5000,0,60000000,400
12/2/2020 5:33:56,11,639034,176,643,9613005,56.5
12/2/2020 5:36:24,65,84000000,115000,1000,250000000,2800
12/2/2020 5:37:54,41,65000000,10000,1000,115000000,2000
12/2/2020 5:38:02,26,13000000,6000,2505,37000000,850
12/2/2020 5:41:04,45,36676123,12353,10539,110199328,667
12/2/2020 5:41:14,35,1800000,6000,7000,22000000,401
12/2/2020 5:42:16,63,100000000,16000,25000,375000000,2300
12/2/2020 5:45:05,42,13000000,5000,6000,89000000,1300
12/2/2020 5:46:24,24,500000,4500,4500,16500000,
12/2/2020 5:47:00,46,30000000,4000,6000,128000000,1000
12/2/2020 5:48:36,39,17000000,1000,30,57000000,1500
12/2/2020 5:51:25,48,38000000,20000,9000,98000000,610
12/2/2020 5:51:27,29,4000000,12000,350,340000000,275
12/2/2020 5:52:49,58,75000000,50000,1600,120000000,1600
12/2/2020 5:53:44,54,16000000,2000,13000,204937113,1534
12/2/2020 5:54:00,42,5000000,7000,2000,60000000,150
12/2/2020 5:55:30,39,12000000,2000,500,77000000,800
12/2/2020 6:01:40,59,46000000,20000,500,130000000,1000+
12/2/2020 6:03:35,5,100k,100,150,671843,15
12/2/2020 6:04:03,42,30000000,28000,2000,80000000,800
12/2/2020 6:05:15,49,"16,578,450","8,800",5,"12,220,560,850","12,000"
12/2/2020 6:06:36,47,"13,000,000",300,200,"57,000,000",1000
12/2/2020 6:06:42,46,8 000 000,30k,18k,80 mln,You don't want to know...
12/2/2020 6:06:46,53,32600000,9611,2653,94993768,980
12/2/2020 6:07:20,41,6.12 mil,1000,1458,25mil,1500
12/2/2020 6:09:25,32,2000000,800,3000,25000000,100
12/2/2020 6:10:09,61,70000000,80000,5500,227000000,3367
12/2/2020 6:10:28,42,24000000,9000,12000,60000000,350
12/2/2020 6:13:03,32,12000000,3000,5000,31000000,500
12/2/2020 6:13:26,27,19.4 million,1200,230,58 million,"480, many hours spent doing other things than raids."
12/2/2020 6:13:40,30,6400000,12000,1000,26000000,~500
12/2/2020 6:16:28,61,59000000,1000,4000,97000000,1700
12/2/2020 6:19:09,40,15000000,1500,1000,61000000,500
12/2/2020 6:19:52,49,30000000,20000,500,95000000,1300
12/2/2020 6:21:08,42,11115015,674,932,35378168,673
12/2/2020 6:21:27,37,45 mil,2700 but i just buy 10k when i run out,3100,83.5 mil,1200
12/2/2020 6:23:48,62,8000000,25632,6723,13553157,2455
12/2/2020 6:25:28,45,10000000,10000,0,50000000,850
12/2/2020 6:27:35,37,12000000,10000,5000,90000000,200
12/2/2020 6:28:00,39,10 Million,3000,1200,39 Million,300
12/2/2020 6:28:18,44,18M,3500,480,Idk,A lot
12/2/2020 6:28:41,29,400000,211,0,16000000,500
12/2/2020 6:29:15,30,2000000,1000,500,19000000,200
12/2/2020 6:30:21,37,21 million,7k,10k,50 million,800
12/2/2020 6:30:21,53,75000000,22000,5000,200000000,1000
12/2/2020 6:30:39,37,"12,000,000",1800,2700,"49,800,000",1050 (playing since Labs released) ~60 hrs this wipe
12/2/2020 6:31:29,55,"40,000,000","11,000","5,000","100,000,000",1800
12/2/2020 6:33:38,42,11365789,12658,4678,33987653,1182
12/2/2020 6:34:13,57,170000000,4000,200,280000000,1100
12/2/2020 6:36:18,16,980000,6000,540,9876423,250
12/2/2020 6:38:01,40,102000000,13000,5000,170000000,No idea
12/2/2020 6:38:27,48,28000000,11000,11000,86351872,1222
12/2/2020 6:40:48,48,"100,105,127","47,245",704,"138,021,760",685
12/2/2020 6:42:06,43,19m,22000,0000,92m,1834
12/2/2020 6:50:24,32,18000000,5000,4000,80000000,400
12/2/2020 6:52:20,19,28000000,1500,1500,50000000,230
12/2/2020 6:52:52,42,20 Million,8k,7k,60 Million,1200
12/2/2020 6:53:17,48,10000000,200000,3000,35000000,700
12/2/2020 6:54:16,59,112000000,30000,1000,230000000,5500
12/2/2020 6:55:46,48,34000000,1500,2000,64000000,1170
12/2/2020 6:55:59,33,"12,000,000","11,000","4,000","56,000,000","1,060"
12/2/2020 6:57:52,35,18.500.000,9000,2000,200.000.000,180
12/2/2020 6:58:56,22,2400000,32000,430,32000000,2300
12/2/2020 6:59:44,36,10000000,27078,4380,66388780,1652
12/2/2020 7:00:06,48,9750124,21191,1537,67539120,596
12/2/2020 7:01:04,36,24 000 000,2500,3000,58 000 000,850?
12/2/2020 7:01:36,49,7 million,3000~ usd,,40 million ,1900
12/2/2020 7:03:21,45,12500000,15000,5000,80000000,1000
12/2/2020 7:03:55,51,13000000,38000,27000,130000000,1100
12/2/2020 7:04:11,45,12500000,15900,5000,80000000,1000
12/2/2020 7:07:03,39,17000000,5000,2000,30000000,216
12/2/2020 7:07:14,50,"15,000,000",,2000,"55,000,000",700
12/2/2020 7:11:39,50,86000000,40000,5000,149000000,1800
12/2/2020 7:14:04,43,18000000,10000,0,58000000,350
12/2/2020 7:17:21,57,17500000,40000,1000,28000000,2000
12/2/2020 7:20:32,45,"14,000,000",2500,2500,"96,000,000",500
12/2/2020 7:21:44,53,25 Millon,10K,1K,86M,2000
12/2/2020 7:22:53,48,39000000,11000,1000,70000000,2000
12/2/2020 7:23:42,48,"40,000,000",3000,12000,"82,000,000",1700
12/2/2020 7:23:49,58,140000000,23000,7000,193000000,2300
12/2/2020 7:27:50,14,200000,3000,1000,10000000,280
12/2/2020 7:28:15,38,16000000,500,500,20000000,500
12/2/2020 7:29:16,47,"20,000,000","20,000","5,000","87,000,000",700
12/2/2020 7:29:39,51,20000000,15000,5000,70000000,300
12/2/2020 7:29:55,31,2000000,2500,0,25000000,600
12/2/2020 7:31:30,51,12826591,5855,123,67698904,656
12/2/2020 7:32:01,34,26000000,9900,4500,60000000,380
12/2/2020 7:32:03,22,5600000,13000,1500,22000000,130
12/2/2020 7:32:51,51,13m,19k,0,43m,620
12/2/2020 7:33:21,18,800000,5500,600,9 000 000,85
12/2/2020 7:34:43,51,24000000,100000,150,83000000,1500
12/2/2020 7:36:15,24,13500000,1000,1000,50000000,230
12/2/2020 7:38:48,53,54000000,10000,0,120000000,1000
12/2/2020 7:41:14,18,1100000,150,630,9600000,200
12/2/2020 7:43:27,34,700000,200,2700,49000000,200
12/2/2020 7:45:34,53,60000000,25000,2000,120000000,1800
12/2/2020 7:47:21,56,200 milj,16000,3000,300 milj,Alot
12/2/2020 7:48:16,19,2900000,18000,3000,5000000,80
12/2/2020 7:48:55,23,3500000,12000,1300,22939304,40
12/2/2020 7:52:27,46,"15,500,000","15,000",400,"61,000,000",520
12/2/2020 7:57:37,30,15000000,8000,5000,40000000,250
12/2/2020 7:58:26,52,26000000,6000,187,42000000,1100
12/2/2020 7:58:56,45,35.000.000,4,2.5,30.200.000,1119
12/2/2020 8:02:52,15,1.5 million,2000,42,8.5 million,40
12/2/2020 8:03:41,54,142436108,49365,6248,198409696,3003 (more like ~4200 since wipes used to reset hours)
12/2/2020 8:04:23,55,41000000,1000,3000,83000000,1200
12/2/2020 8:04:42,52,"44,000,000","330,000","2,000","160,000,000",815
12/2/2020 8:05:27,37,104.000.000,45,100,190.000.000,2045
12/2/2020 8:06:13,52,53000000,45555,3333,106000000,1600
12/2/2020 8:07:27,48,20000000,3000,20,60000000,1200
12/2/2020 8:09:06,52,140000000,11000,3400,382000000,2410
12/2/2020 8:13:02,45,"20,000,000","10,000",400,"50,000,000",830
12/2/2020 8:15:01,45,"50,000,000",9999,100,130000000,300
12/2/2020 8:16:52,17,800000,7800,2400,17000000,150
12/2/2020 8:16:55,42,"30,000,000","4,000","1,000",???,??
12/2/2020 8:18:10,51,70000000,45000,15000,170000000,
12/2/2020 8:20:39,50,197 million,238,6532,332 million ,2500
12/2/2020 8:23:26,33,3400000,1200,3000,12000000,700
12/2/2020 8:23:42,43,110 million,"15,000",500,150 million,400
12/2/2020 8:28:51,15,12000000,11000,1500,33500000,110
12/2/2020 8:31:15,53,30000000,11000,8300,78000000,3200
12/2/2020 8:32:44,41,85000000,5000,5000,138000000,500
12/2/2020 8:33:05,15,500k,1000,500,4.2 Million,108 Hours
12/2/2020 8:35:52,42,50 000 000,11000,0,98000000,1002
12/2/2020 8:37:19,48,33000000,52000,4800,152939472,3900
12/2/2020 8:38:04,42,16000000,173000,500,83000000,500
12/2/2020 8:39:19,67,60000000,20000,5000,150000000,3000
12/2/2020 8:42:40,52,55000000,7000,2500,139000000,2100
12/2/2020 8:44:13,28,"2,561,000",0,6415,"41,850,000",This wipe I have 365
12/2/2020 8:44:16,25,"6,000,000",1240,2400,"Around 20,000,000",235
12/2/2020 8:44:18,17,4277846,15625,1216,18695510,170
12/2/2020 8:45:52,32,13000000,11000,1000,54000000,600
12/2/2020 8:47:32,44,58000000,21000,100,145000000,1200
12/2/2020 8:48:13,53,2200000,7000,0,7000000,1300
12/2/2020 8:49:14,25,598151,15915,1856,20995456,190
12/2/2020 8:49:19,41,"34,000,000","10,000",0,6885950,650
12/2/2020 8:50:53,51,35000000,8000,1000,110000000,1700
12/2/2020 8:51:02,40,40000000,1000,3000,89000000,2000
12/2/2020 8:52:48,45,16000000,5000,1000,10000000p,1600
12/2/2020 8:53:10,33,4000000,35000,4000,50000000,130
12/2/2020 8:53:24,37,14424743,9319,3838,47631124,400
12/2/2020 8:54:34,58,170000000,10000,5000,280000000,2600
12/2/2020 8:54:51,35,25000000,20000,4000,50000000,1000
12/2/2020 8:55:40,38,12802248,13995,7632,43200000,615h
12/2/2020 8:56:06,48,28000000,40000,10000,168 000000,800
12/2/2020 8:56:30,44,18000000,3000,10000,56000000,720
12/2/2020 8:57:52,38,"9,924,362",3360,466,"38,774,600",929h44m
12/2/2020 9:07:07,43,16000000,3000,3000,53000000,600
12/2/2020 9:09:32,43,45000000,20K,5K,100000000,TOO MANY 
12/2/2020 9:12:00,45,"8,000,000",8000,13,"20,000,000",1400
12/2/2020 9:15:50,59,90000000,5000,200,190000000,2000
12/2/2020 9:15:59,47,26000000,3000,2500,47000000,1000
12/2/2020 9:16:26,51,42 million,1000,1000,110 million,cirka 1000
12/2/2020 9:18:52,41,4600000,10000,600,72000000,1632
12/2/2020 9:23:25,55,110000000,13000,2000,160000000,500
12/2/2020 9:26:38,22,300000,1200,4000,115000000,250
12/2/2020 9:26:50,52,7mil,5k,3k,2mil,1300
12/2/2020 9:27:28,32,700000,200,500,23000000,700
12/2/2020 9:27:33,42,15 000 000,1 000,500,55 000 000,950
12/2/2020 9:29:00,40,"5,000,000","5,000","12,000","27,000,000",658
12/2/2020 9:29:35,18,700k,11k,1.8k,15mil,155
12/2/2020 9:30:02,47,8200000,40000,8000,13200000,750
12/2/2020 9:32:14,8,700000,100,0,2000000,20
12/2/2020 9:34:56,51,11Mil,5K,1.8K,54Mil,870
12/2/2020 9:38:13,35,2000000,30000,6000,25000000,150
12/2/2020 9:38:17,36,24 million,7k,2k,550 million,300
12/2/2020 9:39:29,53,3200000,25000,3000,"100,000,000",1200
12/2/2020 9:39:38,50,78000000,29000,30000,158000000,815
12/2/2020 9:40:34,46,"51,000,000","5,000",300,"109,000,000",870
12/2/2020 9:42:06,35,12 000 000,1000,500,45 000 000,125
12/2/2020 9:44:56,58,149000000,46000,800,226818400,1981
12/2/2020 9:47:02,52,"41,000,000","17,000",300,"90,000,000",600
12/2/2020 9:48:10,40,"37,000,000",368,12635,"61,000,000",1455h
12/2/2020 9:48:43,33,"200,000","4,000","6,500","25,000,000",71
12/2/2020 9:49:14,30,"4,000,000","2,000","10,000","43,000,000",506 hours
12/2/2020 9:50:13,48,24000000,23000,800,5789000,1200
12/2/2020 9:50:34,45,60000000,8500,7500,135000000,1000
12/2/2020 9:50:55,53,"115,000,000",5000,2000,"230,000,000",1023
12/2/2020 9:51:45,47,22000000,1000,0,50000000,1k+
12/2/2020 9:54:41,44,5492765,16719,63,37110320,1435
12/2/2020 9:55:34,16,2 million,"20,000",500,not sure,45
12/2/2020 9:56:42,52,77559833,12340,656,127472448,973
12/2/2020 9:57:41,12,1400000,600,300,3.2m,50
12/2/2020 10:03:21,43,25000000,5000,2000,75000000,1000
12/2/2020 10:10:29,52,27333082,37488,1349,70638776,1141
12/2/2020 10:11:48,42,28000000,5000,3573,???,341
12/2/2020 10:12:09,55,35000000,20000,0,200000000,900
12/2/2020 10:15:09,23,"4,000,000",0,0,Same as Roubles,500
12/2/2020 10:16:15,50,12000000,21000,1000,60000000,1000
12/2/2020 10:16:34,40,9 million,6500,10000,52 million,1500
12/2/2020 10:16:47,34,73500000,10000,45,112000000,700
12/2/2020 10:17:30,53,"62,000,000","24,000","6,000","134,000,000",1300
12/2/2020 10:17:45,40,8706450,4068,608,50797312,781
12/2/2020 10:21:53,22,6200000,2000,3000,30000000,167
12/2/2020 10:22:12,23,11000000,3700,8700,35254408,1000
12/2/2020 10:22:18,51,80M,50K,5K,124M,1400
12/2/2020 10:24:03,37,13000000,1000,12000,51000000,1600
12/2/2020 10:28:40,55,77000000,1700,980,172524000,2002
12/2/2020 10:29:06,42,12196064,4621,7609,91225032,1986
12/2/2020 10:30:39,50,136.000.000,22,24,312.000.000,2006
12/2/2020 10:32:09,47,55000000,90000,1000,120000000,1800
12/2/2020 10:32:27,61,21m,10k,300,90m,3200
12/2/2020 10:33:06,17,4100000,3000,100,15000000,175
12/2/2020 10:33:58,42,70000000,50000000,5000,100000000,
12/2/2020 10:35:39,15,1200000,5000,5000,10000000,350
12/2/2020 10:37:14,45,"60,000,000","22,000","5,000","200,000,000",1200
12/2/2020 10:37:26,42,18 million,6 thousand,Two thousand,132 million,32 this wipe 300 total
12/2/2020 10:38:27,47,15500000,24000,13000,55000000,360
12/2/2020 10:39:25,53,77151041,50968,4561,170538592,1571
12/2/2020 10:39:41,51,35000000,200000,50000,250000,
12/2/2020 10:43:49,10,"1,000,000",550,450,"8,500,000",51
12/2/2020 10:46:36,49,148520000,,,206590000,745
12/2/2020 10:48:48,23,2 mil,15k,6k,"18,902,984",210
12/2/2020 10:52:26,13,3900000,3600,0,9000000,500
12/2/2020 10:55:35,30,2.8 million ,76,1144,35.9 million ,400
12/2/2020 10:56:24,43,60000000,49850,8000,130000000,1200
12/2/2020 10:57:03,54,100000000,25000,1000,145000000,2000
12/2/2020 11:00:58,53,10000000,7000,4000,7000000,1200
12/2/2020 11:01:15,66,129000000,100000,20000,219000000,4900
12/2/2020 11:01:20,30,"107,509",67,6779,9264890,328
12/2/2020 11:01:26,40,"30,000,000","2,000","10,000","58,000,000","340, first wipe"
12/2/2020 11:07:45,33,"1,500,000",1000,500,"23,000,000",550
12/2/2020 11:07:48,33,"1,500,000",1000,500,"23,000,000",550
12/2/2020 11:08:28,27,2500000,200,800,16000000,200
12/2/2020 11:08:35,44,57000000,500000,15000,170000000,2500
12/2/2020 11:09:16,43,24826472,5517,564,62288968,329
12/2/2020 11:11:13,41,20million,10000,6000,65million rubles,~1000h
12/2/2020 11:13:36,44,21 million,"12,000",500,102 million,700
12/2/2020 11:13:46,28,21000000,6163,0,60000000,228
12/2/2020 11:14:37,41,16 MIllion,10k,about 7k,"20 Million, (sold cases)",3k
12/2/2020 11:15:44,45,34000000,7000,700,77000000,1120
12/2/2020 11:18:15,42,"26,000,000","17,000",300,"90,000,000",650
12/2/2020 11:21:42,39,"15,000,000","25,000",200,"52,000,000",280
12/2/2020 11:24:12,46,12000000,11500,4200,95800000,150
12/2/2020 11:24:55,42,"1,200,000",6000,1000,70000000,
12/2/2020 11:24:59,4,150000,120,0,17000000,10
12/2/2020 11:25:19,50,25000000,8000,500,80000000,1500
12/2/2020 11:26:18,32,4200000,550,3350,23000000,500
12/2/2020 11:26:54,53,9000000,40000,2000,110000000,920
12/2/2020 11:29:52,40,20932485,27223,10763,118412248,1268
12/2/2020 11:32:46,53,75000000,20000,300,145000000,1600
12/2/2020 11:34:42,43,22000000,15000,5000,76000000,1000
12/2/2020 11:39:39,56,170000000,15000,700,287265598,4000
12/2/2020 11:40:20,33,8000000,6000,300,54000000,537
12/2/2020 11:43:20,18,4216054,2399,1344,12645945,100
12/2/2020 11:44:58,58,60000000,12000,4000,196000000,idk
12/2/2020 11:46:27,37,9000000,4500,43,48185512,248
12/2/2020 11:49:13,43,23000,50000,3270,68026000,1961
12/2/2020 11:52:38,45,26000000,5000,12000,100000000,1600
12/2/2020 11:53:01,43,"100,000,000","6,000","4,000","161,000,000",800
12/2/2020 11:55:12,46,19000000,6000,2000,40000000,900
12/2/2020 11:55:24,49,33700000,9800,400,99500000,1285
12/2/2020 11:56:19,21,391919,11958,1182,28402224,300h35mij
12/2/2020 12:06:08,49,56092505,33856,907,123480136,1319
12/2/2020 12:06:08,44,32228000,7900,150,124476000,689
12/2/2020 12:11:07,42,12mil,3000,12000,23000000,260
12/2/2020 12:12:55,35,16000000,2000,1000,66000000,500
12/2/2020 12:13:58,47,24000000,5000,1000,70000000,750
12/2/2020 12:14:46,24,"8,150,000","14,000","5,000","31,000,000",250
12/2/2020 12:15:00,41,15000000,6000,5000,42500000,1095 h
12/2/2020 12:15:37,49,20000000,1500,500,84000000,1000
12/2/2020 12:19:19,28,"1,811,000","1,117","5,630","12,211,008",575Hrs i suck
12/2/2020 12:20:14,33,10000000,6000,800,42000000,636
12/2/2020 12:25:54,57,100000000,21000,5000,350000000,1400
12/2/2020 12:26:37,42,44891273,7013,2000,90402841,153
12/2/2020 12:30:12,49,60000000,100000,100000,250000000,1800
12/2/2020 12:31:19,43,12000000,13000,3000,54000000,500
12/2/2020 12:33:38,47,"31,000,000","30,000",~500,"87,212,000",540
12/2/2020 12:37:04,55,20mil,30k,2k,110mil,1.2k
12/2/2020 12:37:23,56,31000000,25000,500,85000000,1300
12/2/2020 12:39:56,41,20000000,12000,10000,600000000,600
12/2/2020 12:40:13,39,36000000,6000,9000,120000000,1000
12/2/2020 12:40:16,36,17000000,,,5,
12/2/2020 12:42:08,13,5250333,1004,43,11307105,85
12/2/2020 12:43:22,49,4000000,15000,0,54900000,1327
12/2/2020 12:43:36,48,1433822,944,11819,27130540,2319H23M
12/2/2020 12:43:45,44,"2,000,000","1,000","2,000","24,000,000",900
12/2/2020 12:44:05,48,59 mil,1 k,1 k,115 mil,2k
12/2/2020 12:48:14,42,28000000,5000,3573,???,341
12/2/2020 12:50:48,48,42277046,14448,1559,81339584,674
12/2/2020 12:53:06,40,25 million,6 thousand,2 thousand,65 million,1400
12/2/2020 12:53:50,30,7120000,4300,4450,29914838,"Since last wipe, 683:55"
12/2/2020 12:54:23,49,"27,000,000","10,000",5000,"70,000,000",1200
12/2/2020 12:55:57,21,2687166,154,4648,25516976,387
12/2/2020 12:59:22,16,2200000,196,153,9380000,118
12/2/2020 13:05:32,57,"100,000,000","40,000","6,000","188,000,000",1100
12/2/2020 13:10:23,53,120 000 000,20 000,17 000,205 000 000,1490
12/2/2020 13:13:39,67,289000000,266000,72000,956000000,550
12/2/2020 13:16:53,42,"22,000,000","15,000","12,000","75,000,000",525
12/2/2020 13:17:18,42,18000000,31000,13000,166000000,200+
12/2/2020 13:18:54,48,40000000,13000,1000,95000000,
12/2/2020 13:20:12,39,11000000,5500,4500,68500000,350
12/2/2020 13:20:14,51,60 000 000,10 000,10 000,200 000 000,600
12/2/2020 13:21:08,48,45000000,20000,0,119000000,1000
12/2/2020 13:29:24,33,8335817,5940,836,41477788,559
12/2/2020 13:29:55,42,115119793,9160,4996,203864069,1402
12/2/2020 13:38:20,38,43000000,1000,200,116000000,445
12/2/2020 13:40:33,22,15000000,8000,3000,15243188,518
12/2/2020 13:40:53,61,54000000,2000,800,220000000,1600 (but I leave it open all day for hideout mamanegent while WFH) - this question would probably be better if it was # of raids played 
12/2/2020 13:42:13,42,"1,200,000",800,10200,31000000,1200
12/2/2020 13:44:55,56,124777873,12922,389,215818640,3550
12/2/2020 13:47:04,51,51000000,60000,2000,108000000,900
12/2/2020 13:49:36,28,6.5 mil,2k,3k,23 mil,450
12/2/2020 14:00:25,17,800000,3500,1800,20000000,240
12/2/2020 14:00:52,58,63 mil,30k,4k,110 million,~2000
12/2/2020 14:05:51,36,107500000,24662,7353,156549792,707
12/2/2020 14:09:06,43,59000000,8000,500,100000000,500
12/2/2020 14:12:00,20,2000000,400,1500,17000000,80
12/2/2020 14:12:29,35,13.5 Million,20 thousand ,1500,40 million,600
12/2/2020 14:13:29,15,1 million,1000,0,1 million,60
12/2/2020 14:14:19,38,3million,5k,500,32million rubles,707
12/2/2020 14:14:21,41,4500000,3750,104,35000000,800
12/2/2020 14:15:08,12,"2,500,000",500,1000,1200000,30
12/2/2020 14:15:52,12,170000,3000,70,500000,30-40
12/2/2020 14:19:11,14,"1,750,000","6,000",50,"16,500,000",71
12/2/2020 14:25:10,35,10000000,6000,3000,70000000,500
12/2/2020 14:26:37,48,46 million,10000,500,99999999,140
12/2/2020 14:33:23,11,8218,7,988,3674089,47
12/2/2020 14:37:58,32,17000000,26000,5000,185000000,600
12/2/2020 14:40:31,23,10620000,537,2476,28251911,272
12/2/2020 14:40:52,13,"155,675",53,1500,3255659,100
12/2/2020 14:43:44,39,21000000,15000,13500,77000000,700
12/2/2020 14:50:40,40,9000000,10000,15000,60000000,700
12/2/2020 14:54:39,45,22 000 000,3000,1000,85 000 000,1300
12/2/2020 14:57:49,49,"142,000,000","6,000","1,500","203,000,000",1100
12/2/2020 14:57:57,49,"142,000,000","6,000","1,500","203,000,000",1100
12/2/2020 14:59:00,52,28065088,79834,1359,137647680,3054
12/2/2020 14:59:24,26,"2,000,000",2500,0,"15,000,000",
12/2/2020 15:00:13,43,21000000,35000,3000,82000000,1450
12/2/2020 15:21:54,25,800000,3000,4000,2500000,"No clue how to look that up, first wipe, started about 3 weeks ago"
12/2/2020 15:24:54,46,6000000,300,1300,45000000,840
12/2/2020 15:26:22,44,18871238,72,1153,76033640,1247
12/2/2020 15:26:47,15,130000,45,1300,8500000,140
12/2/2020 15:27:46,32,"6,205,080","4,420",122,"38,301,840",427
12/2/2020 15:30:03,32,7.6 mil,9000,8750,30 mil ,800
12/2/2020 15:38:47,38,50000000,23000,500,99780000,300
12/2/2020 16:05:08,42,18345656,3268,5880,49565060,540
12/2/2020 16:08:17,40,"32,000,000",500,45,"64,000,000",750
12/2/2020 16:14:36,26,4029544,3713,5945,28065150,325
12/2/2020 16:20:16,49,120000000,171000,2000,450000000,1500
12/2/2020 16:22:51,33,14000000,0,0,70000000,700
12/2/2020 16:32:33,36,9000000,3000,200,55000000,400
12/2/2020 16:33:37,31,39425000,3397,10182,110714840,948
12/2/2020 16:56:50,50,60000000,65000,2000,145000000,640
12/2/2020 16:57:47,10,"2,000,000",324,126,"4,000,000",Idk
12/2/2020 17:06:49,49,39361049,36054,553,103140608,977
12/2/2020 17:17:26,35,"13,000,000","6,000","5,000","70,000,000",300
12/2/2020 17:22:55,48,120 000 000,10 000,3 500,180 000 000,800 (2 wipes?)
12/2/2020 17:35:21,30,2 Million,8k,4k,88 Million,400
12/2/2020 17:38:19,15,6000000,1000,100,2000000,Idk
12/2/2020 17:40:56,48,7200000,15000,400,130000000,3100
12/2/2020 17:45:41,54,140mil,3k ,2k,180mil,"1,1k "
12/2/2020 17:58:19,45,37745863,44,1225,76340824,1128
12/2/2020 17:58:51,40,37 million,9187,4698,66453790,742
12/2/2020 18:07:05,33,27000000,4600,800,134389056,549
12/2/2020 18:13:19,40,25000000,1000,5000,47000000,400
12/2/2020 18:15:40,35,1200000,4000,3000,18000000,
12/2/2020 18:47:03,52,"23,200,000","20,000","2,000","62,200,000",850
12/2/2020 19:10:07,55,80000000,33000,4000,170000000,1500
12/2/2020 19:20:44,52,"54,421,305","51,247","1,280","162,197,408",1136
12/2/2020 19:24:39,40,4000000,23000,9000,73000000,400
12/2/2020 19:30:54,50,70000000,10000,4000,111000000,1600
12/2/2020 20:19:55,32,3000000,2000,10000,26000000,400
12/2/2020 20:50:54,34,7000000,2000,1000,50000000,550
12/3/2020 0:32:26,17,1.4mil,1.3k,350,10900000,120
12/3/2020 1:08:16,42,28000000,5000,3573,???,341
12/3/2020 2:09:50,42,4000000,10000,2000,46000000,700
12/3/2020 2:20:27,26,4194732,19036,5188,41327576,121
12/3/2020 2:30:34,45,64000000,20000,1500,186000000,500
12/3/2020 6:00:55,30,7.5 million,6000,5000,27 million,600 hrs
12/3/2020 8:09:41,41,20.000.000,13000,1000,47.000.000,450
12/3/2020 8:16:58,16,2270000,1,493,9876543,400
12/3/2020 9:09:36,5,1 385 123,47,0,435 897,About 20
12/3/2020 9:37:09,42,21000000,2000,2000,68000000,300
12/3/2020 10:36:15,12,350000,650,500,8000000,60
12/3/2020 10:43:02,46,24000000,32000,2500,71000000,710
12/3/2020 11:37:01,33,23000000,3000,300,64000000,1100
12/3/2020 12:39:38,42,3.6 million,2068,12 857,36 million,740
12/3/2020 15:16:27,44,"46,000,000","11,000",55,"76,000,000",456
12/3/2020 15:47:18,49,"62,000,000","102,000","20,000","190,000,000",1000
12/3/2020 16:44:44,44,"46,000,000","11,000",55,"76,000,000",456
12/3/2020 17:26:53,24,"7,100,000","1,300","7,000","20,000,000",195
12/4/2020 4:42:25,17,2mill,74,421,11mill,400
12/4/2020 7:54:10,17,2125000,175,1600,7325000,53
12/4/2020 13:52:29,27,25000000,3500,5000,23000000,300
12/4/2020 15:20:43,47,20000000,30000,5000,84000000,850
12/4/2020 19:55:08,26,500 000,4000,7000,30.000.000,450
12/4/2020 21:35:20,22,200,"27,000",3000,"9,000,000",250
12/4/2020 21:35:32,44,12000000,4000,0,52000000,1150
12/5/2020 13:52:03,44,17000000,10000,4000,85000000,1000
12/5/2020 14:02:35,36,"6,000,000","4,000","3,500","36,500,000",233
12/5/2020 17:22:50,30,1100000,444,3800,21270000,319